,city,City Latitude,City Longitude,Venue,Venue Latitude,Venue Longitude,Venue Category
0,New York,40.840573,-73.919379,Suyo Gastrofusion,40.840278,-73.918101,Bar
1,New York,40.840573,-73.919379,Blink Fitness,40.8427296432417,-73.91766041116853,Gym
2,New York,40.840573,-73.919379,Budda Restaurant & Lounge,40.840478174901634,-73.92140752459464,Nightclub
3,New York,40.840573,-73.919379,T-Mobile,40.83993217036757,-73.9174385368824,Mobile Phone Shop
4,New York,40.840573,-73.919379,Dunkin',40.83893246882109,-73.91492506733346,Donut Shop
5,New York,40.840573,-73.919379,Subway,40.839914199634634,-73.91734307930244,Sandwich Place
6,New York,40.840573,-73.919379,Wendy’s,40.84053686831269,-73.91778610646634,Fast Food Restaurant
7,New York,40.840573,-73.919379,El Aguilita Bar,40.842585863416886,-73.9238490940243,Music Venue
8,New York,40.840573,-73.919379,Baskin-Robbins,40.8389755,-73.9148627,Ice Cream Shop
9,New York,40.840573,-73.919379,Munch Time,40.839379753323605,-73.91699328338738,Diner
10,New York,40.840573,-73.919379,Chimi Spot,40.843074,-73.923272,Food Truck
11,New York,40.840573,-73.919379,Bravo Supermarket,40.84127874928443,-73.92473265954686,Grocery Store
12,New York,40.840573,-73.919379,Popeyes Louisiana Kitchen,40.83965276335857,-73.91796654722161,Fried Chicken Joint
13,New York,40.840573,-73.919379,CTown Supermarkets,40.84104800466941,-73.91682833433151,Grocery Store
14,New York,40.840573,-73.919379,McDonald's,40.8395656,-73.9155152,Fast Food Restaurant
15,New York,40.840573,-73.919379,Chase Bank,40.83927447576789,-73.91585264846209,Bank
16,New York,40.840573,-73.919379,Drinks Galore Inc.,40.838575,-73.919225,Liquor Store
17,New York,40.840573,-73.919379,Burger King,40.83965451060077,-73.91769601719665,Fast Food Restaurant
18,New York,40.840573,-73.919379,MTA Bx11/Bx13 Bus Stop,40.84015,-73.924904,Bus Station
19,New York,40.840573,-73.919379,China Wang,40.8411655,-73.92495414,Chinese Restaurant
20,London,51.516689,-0.12409300000000001,The Hoxton Holborn,51.5172290818294,-0.1220018626277124,Hotel
21,London,51.516689,-0.12409300000000001,The Craft Beer Co.,51.51575827252237,-0.12619345122012288,Beer Bar
22,London,51.516689,-0.12409300000000001,Abeno,51.51744706211849,-0.1251682412880507,Okonomiyaki Restaurant
23,London,51.516689,-0.12409300000000001,Top Secret Comedy,51.5153842464309,-0.12320203003363296,Comedy Club
24,London,51.516689,-0.12409300000000001,London Review Bookshop,51.51848537875849,-0.1243692539734231,Bookstore
25,London,51.516689,-0.12409300000000001,Good Vibes,51.5150641324494,-0.1237409234782337,Gym
26,London,51.516689,-0.12409300000000001,Shaftesbury Theatre,51.516064752071685,-0.12588550542186025,Theater
27,London,51.516689,-0.12409300000000001,Drury 188-189,51.51606000719529,-0.12411071051324417,Café
28,London,51.516689,-0.12409300000000001,Startisans Market,51.514678252925926,-0.1235075949699014,Market
29,London,51.516689,-0.12409300000000001,Royal Mile Whiskies,51.51716169075045,-0.12709745658404187,Liquor Store
30,London,51.516689,-0.12409300000000001,Freud,51.51541620739732,-0.12686848640441895,Cocktail Bar
31,London,51.516689,-0.12409300000000001,London Cocktail Club,51.51658497109711,-0.12631267190748005,Cocktail Bar
32,London,51.516689,-0.12409300000000001,Forbidden Planet,51.515108362188464,-0.12713175126493229,Comic Shop
33,London,51.516689,-0.12409300000000001,London Review Cake Shop,51.518679565550414,-0.12432912616042971,Café
34,London,51.516689,-0.12409300000000001,Princess Louise,51.517470434080224,-0.12162140178469247,Pub
35,London,51.516689,-0.12409300000000001,British Museum,51.51900874337275,-0.12643718771869317,History Museum
36,London,51.516689,-0.12409300000000001,Neal's Yard,51.5144435925274,-0.12641346209909118,Pedestrian Plaza
37,London,51.516689,-0.12409300000000001,Homeslice,51.514528749695046,-0.12647486836273653,Pizza Place
38,London,51.516689,-0.12409300000000001,Hotel Chocolat,51.51476668150518,-0.12689823550440518,Chocolate Shop
39,London,51.516689,-0.12409300000000001,Kanada-Ya,51.515503,-0.127539,Ramen Restaurant
40,London,51.516689,-0.12409300000000001,The Black Penny,51.51519097792153,-0.12154506230333152,Coffee Shop
41,London,51.516689,-0.12409300000000001,Honest Burgers,51.51621441504332,-0.12023336218817349,Burger Joint
42,London,51.516689,-0.12409300000000001,Neal's Yard Dairy,51.514236756702125,-0.12616917430475794,Cheese Shop
43,London,51.516689,-0.12409300000000001,Barrafina,51.51441724037805,-0.12176794571673841,Tapas Restaurant
44,London,51.516689,-0.12409300000000001,The Barbary,51.5144455494199,-0.12637048890103447,Mediterranean Restaurant
45,London,51.516689,-0.12409300000000001,Covent Garden Hotel,51.514508552855006,-0.12691045435875517,Hotel
46,London,51.516689,-0.12409300000000001,Which Wich Superior Sandwiches,51.516058738326,-0.12847354741913544,Sandwich Place
47,London,51.516689,-0.12409300000000001,Monmouth Coffee Company,51.514314,-0.126824,Coffee Shop
48,London,51.516689,-0.12409300000000001,Donmar Warehouse,51.513959869554995,-0.12570239746788311,Theater
49,London,51.516689,-0.12409300000000001,Dr. Martens,51.513746690739524,-0.12486914389241684,Shoe Store
50,London,51.516689,-0.12409300000000001,The Tea House,51.51362061083395,-0.12464211361385549,Tea Room
51,London,51.516689,-0.12409300000000001,Nuffield Health Fitness & Wellbeing Gym,51.51415625004893,-0.12390816109064977,Gym
52,London,51.516689,-0.12409300000000001,Rosie & Joe,51.515531601195185,-0.1286823075453627,Coffee Shop
53,London,51.516689,-0.12409300000000001,Seven Dials Market,51.51390727124453,-0.12592434883117676,Food Court
54,London,51.516689,-0.12409300000000001,Seven Dials,51.51377899123422,-0.12694797135579944,Neighborhood
55,London,51.516689,-0.12409300000000001,Pineapple Dance Studios,51.51340828745767,-0.12529016729606288,Dance Studio
56,London,51.516689,-0.12409300000000001,The Rosetta Stone,51.51930249302989,-0.12741642202692655,Exhibit
57,London,51.516689,-0.12409300000000001,Hawksmoor Seven Dials,51.51344656838814,-0.12587875127792358,Steakhouse
58,London,51.516689,-0.12409300000000001,Matilda The Musical,51.5135510106328,-0.12652100430843066,Theater
59,London,51.516689,-0.12409300000000001,Ship Tavern,51.51720427096293,-0.11917845474716426,Pub
60,London,51.516689,-0.12409300000000001,Udderlicious,51.51372011564273,-0.12741111080853307,Ice Cream Shop
61,London,51.516689,-0.12409300000000001,Kastner & Ovens,51.51344414651399,-0.12255614942563876,Deli / Bodega
62,London,51.516689,-0.12409300000000001,The Egyptian Exhibition,51.51959890402129,-0.12789427026291375,Exhibit
63,London,51.516689,-0.12409300000000001,Dominion Theatre,51.516932077408875,-0.12964902622482774,Theater
64,London,51.516689,-0.12409300000000001,Flat Iron,51.515134,-0.129545,Steakhouse
65,London,51.516689,-0.12409300000000001,Royal Opera House,51.51308279256784,-0.12196837266870422,Opera House
66,London,51.516689,-0.12409300000000001,Cambridge Theatre,51.513678,-0.126704,Theater
67,London,51.516689,-0.12409300000000001,Scarfes Bar,51.51781314398572,-0.11818441766647803,Hotel Bar
68,London,51.516689,-0.12409300000000001,L. Cornelissen & Son,51.51749381687978,-0.129021549442642,Arts & Crafts Store
69,London,51.516689,-0.12409300000000001,Royal Ballet School,51.51291905009796,-0.12219665603755511,Dance Studio
70,London,51.516689,-0.12409300000000001,Bloomsbury Square,51.51874027871787,-0.12262162673180511,Park
71,London,51.516689,-0.12409300000000001,Paul Smith,51.5127460997744,-0.12392436938608406,Clothing Store
72,London,51.516689,-0.12409300000000001,Rosewood London,51.51746842846652,-0.11781017238253777,Hotel
73,London,51.516689,-0.12409300000000001,Pierre Hermé,51.51342096458941,-0.12708326101018244,Bakery
74,London,51.516689,-0.12409300000000001,Half Million,51.51788921129762,-0.12060963787176131,Coffee Shop
75,London,51.516689,-0.12409300000000001,London Graphic Centre,51.51330472277616,-0.12625820333868554,Arts & Crafts Store
76,London,51.516689,-0.12409300000000001,Linbury Theatre,51.513085717933635,-0.12188581686875992,Theater
77,London,51.516689,-0.12409300000000001,All Star Lanes,51.51939537494199,-0.12267580468732638,Bowling Alley
78,London,51.516689,-0.12409300000000001,The Parthenon Rooms,51.51897726604978,-0.12798391408901572,Exhibit
79,London,51.516689,-0.12409300000000001,Radisson Blu Edwardian Mercer Street Hotel,51.5139308,-0.1271077,Hotel
80,London,51.516689,-0.12409300000000001,Phoenix Theatre,51.51434388724264,-0.12929999777528567,Theater
81,London,51.516689,-0.12409300000000001,Wunjo Guitars,51.515262104574155,-0.12954664480450348,Music Store
82,London,51.516689,-0.12409300000000001,Shake Shack Tottenham Court Road,51.51676370061302,-0.1279567346884598,Burger Joint
83,London,51.516689,-0.12409300000000001,Sir John Soane's Museum,51.51683252722464,-0.1175400405817299,History Museum
84,London,51.516689,-0.12409300000000001,Fabrique,51.51352,-0.128575,Bakery
85,London,51.516689,-0.12409300000000001,Five Guys,51.5168783,-0.1304169,Burger Joint
86,London,51.516689,-0.12409300000000001,Foyles,51.514158,-0.129729,Bookstore
87,London,51.516689,-0.12409300000000001,"Theatre Royal, Drury Lane",51.513066778067355,-0.12030367354297458,Theater
88,London,51.516689,-0.12409300000000001,Hakkasan,51.51722297794206,-0.13083490819357613,Cantonese Restaurant
89,London,51.516689,-0.12409300000000001,Central YMCA Club,51.517285419419636,-0.13033096953133166,Gym / Fitness Center
90,London,51.516689,-0.12409300000000001,Mirror Room,51.517444492054985,-0.11782356015108676,Restaurant
91,London,51.516689,-0.12409300000000001,FOPP,51.513648,-0.1284442,Record Shop
92,London,51.516689,-0.12409300000000001,Chanel,51.51233024608232,-0.12261211586913179,Boutique
93,London,51.516689,-0.12409300000000001,TY Seven Dials - Timberyard,51.51285291714148,-0.12719789860249608,Coffee Shop
94,London,51.516689,-0.12409300000000001,Another Space,51.51323912940766,-0.12782337266498503,Gym
95,London,51.516689,-0.12409300000000001,Augustus Harris,51.51275465266538,-0.12070055526662146,Wine Bar
96,London,51.516689,-0.12409300000000001,The Bloomsbury Club Bar,51.51711044360466,-0.12928461655429305,Lounge
97,London,51.516689,-0.12409300000000001,Holborn Dining Room,51.517493,-0.117541,English Restaurant
98,London,51.516689,-0.12409300000000001,Dalloway Terrace,51.51710345919555,-0.12921590453073384,English Restaurant
99,London,51.516689,-0.12409300000000001,Balthazar,51.51258339562716,-0.12133432623564182,Brasserie
100,London,51.516689,-0.12409300000000001,Gelatorino,51.512737,-0.120977014,Ice Cream Shop
101,London,51.516689,-0.12409300000000001,Apricot Food Bar,51.515344202101204,-0.12999698201614832,Coffee Shop
102,London,51.516689,-0.12409300000000001,Dalla Terra,51.51252,-0.126469,Wine Bar
103,London,51.516689,-0.12409300000000001,Phoenix Garden,51.51457031892539,-0.12852001926706766,Garden
104,London,51.516689,-0.12409300000000001,Red Lion Square Gardens,51.51926218217892,-0.11885418069516426,Plaza
105,London,51.516689,-0.12409300000000001,Fields Bar and Kitchen,51.51595770940021,-0.11729185397782418,Restaurant
106,London,51.516689,-0.12409300000000001,The Swan,51.521094439157174,-0.12274469519052067,Pub
107,Beijing,39.938734000000004,116.42640700000001,Ascott Raffles City 雅诗阁,39.93840493319289,116.4261293991587,Hotel
108,Beijing,39.938734000000004,116.42640700000001,Raffles City (来福士中心),39.93877806059291,116.42619073390959,Shopping Mall
109,Beijing,39.938734000000004,116.42640700000001,UNIQLO (优衣库),39.93906181875264,116.42964462468359,Clothing Store
110,Beijing,39.938734000000004,116.42640700000001,Gloria Jean's Coffee,39.93996070036358,116.42243030835273,Coffee Shop
111,Beijing,39.938734000000004,116.42640700000001,花家怡园 Hua's Restaurant,39.939794106480356,116.42308332676622,Chinese Restaurant
112,Beijing,39.938734000000004,116.42640700000001,Starbucks (星巴克),39.938082146934846,116.42603568713726,Coffee Shop
113,Beijing,39.938734000000004,116.42640700000001,Honeymoon Dessert (满记甜品),39.93875119205383,116.42578366914158,Dessert Shop
114,Beijing,39.938734000000004,116.42640700000001,SUBWAY (赛百味),39.938998615627625,116.42642880469106,Sandwich Place
115,Beijing,39.938734000000004,116.42640700000001,Tai Hing Restaurant (太兴餐厅),39.93862799576921,116.42625881527611,Cantonese Restaurant
116,Beijing,39.938734000000004,116.42640700000001,Starbucks (星巴克),39.938735,116.425925,Coffee Shop
117,Beijing,39.938734000000004,116.42640700000001,Pepper Lunch (胡椒厨房),39.93876963343707,116.42607148865011,Fast Food Restaurant
118,Beijing,39.938734000000004,116.42640700000001,Wagas,39.93826271535511,116.4269192831878,New American Restaurant
119,Beijing,39.938734000000004,116.42640700000001,Pizza Marzano (比萨玛尚诺),39.939212044066934,116.42659593620172,Pizza Place
120,Beijing,39.938734000000004,116.42640700000001,KFC (肯德基),39.939452057729184,116.42913747319092,Fast Food Restaurant
121,Beijing,39.938734000000004,116.42640700000001,爵士屋 Jazz-Ya,39.938665827173295,116.42610485923686,Japanese Restaurant
122,Beijing,39.938734000000004,116.42640700000001,宝力豪健身 PowerHouse Gym,39.93980916406937,116.42947396688038,Gym
123,Beijing,39.938734000000004,116.42640700000001,Dolar Shop Raffles City (豆捞坊),39.93865796920862,116.42612838143246,Hotpot Restaurant
124,Beijing,39.938734000000004,116.42640700000001,麻辣诱惑 Spicy Spirit,39.93889721161293,116.43002745744218,Chinese Restaurant
125,Beijing,39.938734000000004,116.42640700000001,江边城外 Riverside & Courtyard,39.939750204033466,116.42078136397367,Chinese Restaurant
126,Beijing,39.938734000000004,116.42640700000001,Starbucks (星巴克),39.93869011837167,116.42976038422162,Coffee Shop
127,Beijing,39.938734000000004,116.42640700000001,BHG Market Place (BHG 华联高级超市),39.93872281025627,116.4259094155249,Grocery Store
128,Beijing,39.938734000000004,116.42640700000001,Ginza Mall (东方银座),39.93866200981691,116.42977224893733,Shopping Mall
129,Beijing,39.938734000000004,116.42640700000001,McDonald's (麦当劳),39.93973452656623,116.42972104465768,Fast Food Restaurant
130,Beijing,39.938734000000004,116.42640700000001,白夜西餐 White Nights,39.942001603472356,116.42249094209983,Russian Restaurant
131,Beijing,39.938734000000004,116.42640700000001,Dongzhimen Public Transit Hub (东直门交通枢纽),39.940077446107175,116.4306070569007,Bus Station
132,Beijing,39.938734000000004,116.42640700000001,香草香草云南火锅,39.93934330197762,116.43092978778168,Chinese Restaurant
133,Beijing,39.938734000000004,116.42640700000001,九头鹰,39.94239860922685,116.42769093282283,Chinese Restaurant
134,Beijing,39.938734000000004,116.42640700000001,天地剧场 The Heaven and Earth Theater,39.934618083303945,116.42853498458862,Theater
135,Boston,42.337555,-71.050128,Loco Taqueria & Oyster Bar,42.336998881689894,-71.04780258974819,Mexican Restaurant
136,Boston,42.337555,-71.050128,J.P. Licks,42.336932,-71.048436,Ice Cream Shop
137,Boston,42.337555,-71.050128,Sweet Tooth,42.337901120619705,-71.04943225382458,Dessert Shop
138,Boston,42.337555,-71.050128,Lincoln Tavern & Restaurant,42.33640562945066,-71.04752160413055,American Restaurant
139,Boston,42.337555,-71.050128,Capo,42.33606983562752,-71.04707942423428,Italian Restaurant
140,Boston,42.337555,-71.050128,Foodie's Urban Market,42.33978563466408,-71.05191777875895,Market
141,Boston,42.337555,-71.050128,Regan's Motivated Fitness,42.3385266733907,-71.05049131575367,Gym
142,Boston,42.337555,-71.050128,Gaelic Day Spa & Salon,42.33746483096409,-71.04892111268792,Cosmetics Shop
143,Boston,42.337555,-71.050128,Broadway’s Pastry & Coffee Shop,42.33931898434871,-71.05152628474146,Bakery
144,Boston,42.337555,-71.050128,Southie liquors,42.33716482996442,-71.04842796762736,Liquor Store
145,Boston,42.337555,-71.050128,Rondo's Sub Shop,42.340969358992325,-71.05401911256425,Sandwich Place
146,Boston,42.337555,-71.050128,Broadways Best,42.33851303819363,-71.05024106251115,Sandwich Place
147,Boston,42.337555,-71.050128,Caffè Nero,42.33689819111344,-71.04762328807492,Coffee Shop
148,Boston,42.337555,-71.050128,The Clock Tavern,42.338315345012404,-71.04983713321059,Bar
149,Boston,42.337555,-71.050128,Pizzeria 260,42.33929132857169,-71.05152086042501,Pizza Place
150,Boston,42.337555,-71.050128,P.S. Gourmet Coffee,42.3353072815265,-71.04592509093459,Coffee Shop
151,Boston,42.337555,-71.050128,Fat Baby,42.33514720243028,-71.04616794807374,Sushi Restaurant
152,Boston,42.337555,-71.050128,Stats,42.3357206583981,-71.04530869770696,Sports Bar
153,Boston,42.337555,-71.050128,Backyard Betty’s,42.3403914518368,-71.05325449223544,Burger Joint
154,Boston,42.337555,-71.050128,Shenanigans,42.33838757433535,-71.0500468026707,Bar
155,Boston,42.337555,-71.050128,TD Bank,42.33887048309757,-71.05022549629211,Bank
156,Boston,42.337555,-71.050128,Sturgis Dry Cleaners & Tailors,42.34075,-71.0542,Dry Cleaner
157,Boston,42.337555,-71.050128,7-Eleven,42.3355713167397,-71.0461525619029,Convenience Store
158,Boston,42.337555,-71.050128,Land Of Pizza,42.3361509129959,-71.04673949037104,Pizza Place
159,Boston,42.337555,-71.050128,Citizen's Bank,42.33611755485664,-71.04721739888191,Bank
160,Boston,42.337555,-71.050128,The Juice Box,42.3379683622726,-71.04960595446761,Juice Bar
161,Boston,42.337555,-71.050128,The Junction,42.33527721844124,-71.04605185242109,Sports Bar
162,Boston,42.337555,-71.050128,CVS pharmacy,42.33668622500577,-71.04765284272939,Pharmacy
163,Boston,42.337555,-71.050128,The Goodwill Store,42.33586552476711,-71.04620405816875,Thrift / Vintage Store
164,Boston,42.337555,-71.050128,Croke Park Whitey's,42.33918741397193,-71.05132265907187,Pub
165,Boston,42.337555,-71.050128,Shell,42.33883711379573,-71.05046798239938,Gas Station
166,Boston,42.337555,-71.050128,Southie's Own,42.33737887135126,-71.04834618956677,Gift Shop
167,Boston,42.337555,-71.050128,Jims Variety,42.33598529896599,-71.0492109259365,Convenience Store
168,Boston,42.337555,-71.050128,Al's Liquors,42.3398902277336,-71.05247284514185,Liquor Store
169,Boston,42.337555,-71.050128,AK's Pizza Shop,42.34002290912583,-71.04923926111788,Pizza Place
170,Boston,42.337555,-71.050128,Nanning Wok,42.335781550178766,-71.04620668468513,Chinese Restaurant
171,Boston,42.337555,-71.050128,McGoo's Pizzeria,42.33546572306807,-71.04583534109676,Pizza Place
172,Los Angeles,34.072787,-118.281653,Beverly Tint & Auto Accessories,34.071038,-118.2798185,Automotive Shop
173,Los Angeles,34.072787,-118.281653,Porridge and Puffs,34.070977,-118.279517,Asian Restaurant
174,Los Angeles,34.072787,-118.281653,Woon,34.074188,-118.279358,Chinese Restaurant
175,Los Angeles,34.072787,-118.281653,The Holding Co.,34.072833783688466,-118.28358422726059,Art Gallery
176,Los Angeles,34.072787,-118.281653,Tactile Coffee,34.07184,-118.281886,Coffee Shop
177,Los Angeles,34.072787,-118.281653,Genever Lounge,34.072401,-118.28276299999999,Lounge
178,Los Angeles,34.072787,-118.281653,Los Molcajetes,34.07344213078927,-118.27738102401041,Latin American Restaurant
179,Los Angeles,34.072787,-118.281653,Gabba Gallery,34.071968,-118.282945,Art Gallery
180,Los Angeles,34.072787,-118.281653,Shibucho,34.071968,-118.282945,Sushi Restaurant
181,Los Angeles,34.072787,-118.281653,Valerie Confections,34.07346472084075,-118.28610395418808,Candy Store
182,Los Angeles,34.072787,-118.281653,L'Artisan du Chocolat,34.073461,-118.28610859,Candy Store
183,Los Angeles,34.072787,-118.281653,The Overpass,34.07651373289791,-118.2832263252555,Bar
184,Los Angeles,34.072787,-118.281653,Occidental Studios,34.072571061328446,-118.27830841948462,Event Space
185,Los Angeles,34.072787,-118.281653,Smart & Final,34.069861755584434,-118.27844963023637,Grocery Store
186,Los Angeles,34.072787,-118.281653,Redbox,34.07168183241667,-118.28257757856186,Video Store
187,Los Angeles,34.072787,-118.281653,7-Eleven,34.0715710195089,-118.282593111517,Convenience Store
188,Los Angeles,34.072787,-118.281653,Jim's Burgers,34.07167177016274,-118.2821632680156,Burger Joint
189,Los Angeles,34.072787,-118.281653,Silverlake Overpass,34.07651957333057,-118.28320037744359,Speakeasy
190,Los Angeles,34.072787,-118.281653,Bagnet,34.073049,-118.28408999999999,Filipino Restaurant
191,Shanghai,31.218360999999998,121.48036299999998,孔乙己酒家,31.220157068204145,121.48396604811319,Shanghai Restaurant
192,Shanghai,31.218360999999998,121.48036299999998,Lin Long Fang Dumpling (Lin Long Fang Dumpling (麟笼坊特色小笼包 LinLongFang Dumpling)),31.215843194047796,121.47635042667387,Dumpling Restaurant
193,Shanghai,31.218360999999998,121.48036299999998,Laoximen Tea Plaza,31.22112371424524,121.47948481692427,Shopping Mall
194,Shanghai,31.218360999999998,121.48036299999998,韵色,31.21578123086274,121.47805681053731,Chinese Restaurant
195,Shanghai,31.218360999999998,121.48036299999998,辣肉丝面馆,31.218736294065575,121.47742259531675,Noodle House
196,Shanghai,31.218360999999998,121.48036299999998,E-MART | 易买得,31.21904758167569,121.4787828923291,Department Store
197,Shanghai,31.218360999999998,121.48036299999998,大肠面,31.21836,121.481524,Noodle House
198,Shanghai,31.218360999999998,121.48036299999998,大富贵酒楼,31.219827608850945,121.4811470833009,Chinese Restaurant
199,Shanghai,31.218360999999998,121.48036299999998,Er Guang Huntun (耳光馄饨),31.216571782573194,121.48331926698881,Dumpling Restaurant
200,Shanghai,31.218360999999998,121.48036299999998,DaMaTou Tea Restaurant (大马头茶餐厅),31.220978967307463,121.47838452839616,Chinese Restaurant
201,Shanghai,31.218360999999998,121.48036299999998,Spartan Wellness Club,31.218355383573527,121.47899394172636,Gym / Fitness Center
202,Shanghai,31.218360999999998,121.48036299999998,Congen Massage Healthcare Club (康骏会馆),31.217416508468034,121.48027132850336,Spa
203,Shanghai,31.218360999999998,121.48036299999998,New Vision Eye Clinic (瑞视眼科),31.217511038282577,121.48003147093168,Eye Doctor
204,Shanghai,31.218360999999998,121.48036299999998,Long Leg Noodle 长脚面,31.217782028420547,121.4761862441114,Noodle House
205,Shanghai,31.218360999999998,121.48036299999998,Shanghai Celadon Theme Hotel (上海青瓷主题酒店),31.218460428822475,121.47696905941493,Hotel
206,Shanghai,31.218360999999998,121.48036299999998,FamilyMart (全家),31.2158501886209,121.47759939849668,Convenience Store
207,Shanghai,31.218360999999998,121.48036299999998,FamilyMart (全家),31.214200778953263,121.48162121528401,Convenience Store
208,Paris,48.873969,2.334355,Terrasse des Galeries Lafayette,48.87333870999123,2.332170009613037,Roof Deck
209,Paris,48.873969,2.334355,Mamou,48.87384766702744,2.335369884967804,French Restaurant
210,Paris,48.873969,2.334355,Prada,48.87347740435077,2.331907885320984,Women's Store
211,Paris,48.873969,2.334355,Pierre Hermé,48.87342818846545,2.3321370000032333,Pastry Shop
212,Paris,48.873969,2.334355,Tiffany & Co.,48.873578,2.332095,Jewelry Store
213,Paris,48.873969,2.334355,Qee,48.87554883410699,2.336090050758259,Gym / Fitness Center
214,Paris,48.873969,2.334355,W Paris – Opéra,48.8720985,2.3332127,Hotel
215,Paris,48.873969,2.334355,Opéra Garnier,48.872124954463864,2.331708669662475,Opera House
216,Paris,48.873969,2.334355,Théâtre Mogador,48.875331670547446,2.3312622041388074,Theater
217,Paris,48.873969,2.334355,Hôtel Banke,48.87367001228106,2.3361276090145107,Hotel
218,Paris,48.873969,2.334355,Midi 12,48.87335987988451,2.3347462713718414,Creperie
219,Paris,48.873969,2.334355,Jeff de Bruges,48.87599615,2.33217997,Chocolate Shop
220,Paris,48.873969,2.334355,Galeries Lafayette Gourmet,48.873046,2.330438,Gourmet Shop
221,Paris,48.873969,2.334355,WeWork,48.8743478,2.3376841,Coworking Space
222,Paris,48.873969,2.334355,Juste,48.874981555290084,2.338509557303041,Seafood Restaurant
223,Paris,48.873969,2.334355,Boutique Lindt Opera,48.87237194198658,2.330646514892578,Chocolate Shop
224,Paris,48.873969,2.334355,Place de l'Opéra,48.87086688393964,2.3321523722815702,Plaza
225,Paris,48.873969,2.334355,Le Chenin,48.87379444989606,2.3389898291030913,French Restaurant
226,Paris,48.873969,2.334355,Cojean,48.872488378538684,2.3349621891975403,Salad Place
227,Paris,48.873969,2.334355,Académie Nationale de Musique,48.87112287829175,2.331461906433105,Historic Site
228,Paris,48.873969,2.334355,Paris Look,48.87257071781385,2.3359615932087143,Clothing Store
229,Paris,48.873969,2.334355,So Nat,48.87627724467217,2.3386138527194253,Vegetarian / Vegan Restaurant
230,Paris,48.873969,2.334355,Le Bouclier de Bacchus,48.87683393703334,2.3378432838905985,Wine Bar
231,Paris,48.873969,2.334355,Hôtel La Maison Favart,48.87080002201078,2.337290346622467,Hotel
232,Paris,48.873969,2.334355,Les Gouttes de Dieux,48.87311470529806,2.3394127933680955,Wine Bar
233,Paris,48.873969,2.334355,Moy Goi Cuon Bar,48.87680218678293,2.335980102385673,Vietnamese Restaurant
234,Paris,48.873969,2.334355,Pizza di Loretta,48.874831951998765,2.339743274594404,Pizza Place
235,Paris,48.873969,2.334355,Herb-Tea Taiwan,48.87380101911452,2.3378998671412354,Tea Room
236,Paris,48.873969,2.334355,Opéra Comique,48.870981386347395,2.337786555290222,Concert Hall
237,Paris,48.873969,2.334355,Gandhi Ji's,48.87332580958313,2.33465239405632,Indian Restaurant
238,Paris,48.873969,2.334355,Café Pouchkine,48.87384888788293,2.328384639422145,Tea Room
239,Paris,48.873969,2.334355,Musée National Gustave-Moreau,48.877872,2.3345747,Museum
240,Paris,48.873969,2.334355,Théâtre Edouard VII,48.87139401862037,2.3294059932231903,Theater
241,Paris,48.873969,2.334355,Hôtel des Ventes Drouot,48.87306094102725,2.340101103627914,Antique Shop
242,Paris,48.873969,2.334355,Le Bon Georges,48.877648,2.337225,Bistro
243,Paris,48.873969,2.334355,Isana,48.876442,2.338626,Latin American Restaurant
244,Paris,48.873969,2.334355,Au Petit Riche,48.87327907023353,2.338676972901782,French Restaurant
245,Paris,48.873969,2.334355,Le Laffitte,48.87520162630775,2.3383229970932007,Bistro
246,Paris,48.873969,2.334355,Simone Lemon,48.874435,2.339306,Modern European Restaurant
247,Paris,48.873969,2.334355,My Place,48.87680373689132,2.337622542631202,Tea Room
248,Paris,48.873969,2.334355,Starbucks,48.87294177283379,2.3347583413124084,Coffee Shop
249,Paris,48.873969,2.334355,Il Caffe,48.87250817013102,2.335939110506233,Italian Restaurant
250,Paris,48.873969,2.334355,La Cure Gourmande,48.8697887450351,2.332400679588318,Candy Store
251,Paris,48.873969,2.334355,RAP,48.876628,2.339359,Gourmet Shop
252,Paris,48.873969,2.334355,Hanoi Corner,48.877674,2.3319218,Café
253,Paris,48.873969,2.334355,Hotel Gramont Opera,48.87055013497135,2.336845398941014,Hotel
254,Paris,48.873969,2.334355,Oh! Complementartine,48.87214457741747,2.3392388509907285,Salad Place
255,Paris,48.873969,2.334355,Albert,48.878216,2.332229,Bistro
256,Paris,48.873969,2.334355,Josefin,48.873727833941004,2.336166491599674,French Restaurant
257,Paris,48.873969,2.334355,Monsieur Jacques,48.873079,2.337768,French Restaurant
258,Paris,48.873969,2.334355,Septième Largeur,48.87696189098859,2.333772191080959,Shoe Store
259,Paris,48.873969,2.334355,La Tête dans les Nuages,48.871881819516894,2.339288154982073,Arcade
260,Paris,48.873969,2.334355,Boulangerie Moisan,48.87657625664141,2.3387974750824454,Bakery
261,Paris,48.873969,2.334355,J'Go,48.872457114237925,2.340296511141907,French Restaurant
262,Paris,48.873969,2.334355,The Chess Hotel,48.87159337459651,2.3349369154427415,Resort
263,Paris,48.873969,2.334355,Hôtel Langlois,48.87684546957274,2.3335739165302187,Hotel
264,Paris,48.873969,2.334355,Kozy,48.87491667389536,2.3400396850631173,Bistro
265,Paris,48.873969,2.334355,À Côté,48.87350713051424,2.3350499261075655,Bistro
266,Paris,48.873969,2.334355,Label Ferme,48.87488991540308,2.3395171140718563,Snack Place
267,Paris,48.873969,2.334355,L'Étoile du Liban,48.877602,2.338173,Falafel Restaurant
268,Paris,48.873969,2.334355,Entre 2 Rives,48.870196954066934,2.335725963196314,Vietnamese Restaurant
269,Paris,48.873969,2.334355,JBC (Jambon Beurre Cornichon),48.87216729526863,2.3401737213134766,Sandwich Place
270,Paris,48.873969,2.334355,Village Joué Club,48.87143503511144,2.3391815713846578,Toy / Game Store
271,Paris,48.873969,2.334355,Côme,48.8745579605081,2.3388305812275485,Salad Place
272,Paris,48.873969,2.334355,PanPan,48.8746688675499,2.341015934944153,Cocktail Bar
273,Paris,48.873969,2.334355,Sizin,48.87778201761284,2.337210837671435,Turkish Restaurant
274,Paris,48.873969,2.334355,L'Usine Opéra,48.86957686382949,2.3349103824765307,Gym / Fitness Center
275,Paris,48.873969,2.334355,Autour du Yangtse,48.87205703268135,2.3351673781871796,Chinese Restaurant
276,Paris,48.873969,2.334355,13 menthe basilic,48.87764098699692,2.330486584537645,French Restaurant
277,Paris,48.873969,2.334355,Ibrik,48.87524872014532,2.3384507540106734,Coffee Shop
278,Paris,48.873969,2.334355,Paris Marriott Opera Ambassador Hotel,48.87269655230499,2.336472272872925,Hotel
279,Paris,48.873969,2.334355,Bioburger,48.87500679879354,2.340100351539458,Burger Joint
280,Paris,48.873969,2.334355,Le P'tit Creux du Faubourg,48.876246577894186,2.3398751824593367,French Restaurant
281,Paris,48.873969,2.334355,Google France Gym (gFit),48.877613798393135,2.3303864307889666,Gym
282,Paris,48.873969,2.334355,Lucien Bistrot Traiteur,48.876790641968896,2.3327018368921166,Salad Place
283,Paris,48.873969,2.334355,CMG Sports Club One Lafayette,48.87526704206663,2.340263017411071,Gym / Fitness Center
284,Paris,48.873969,2.334355,HEMA,48.8721783,2.3399444,Furniture / Home Store
285,Paris,48.873969,2.334355,Le Quai des Pêcheurs,48.876883,2.330752,Chinese Restaurant
286,Paris,48.873969,2.334355,Cafe Lorette,48.87598313579095,2.338344124892263,Bar
287,Paris,48.873969,2.334355,Les Comédiens,48.87776709278767,2.3318900256433643,Bistro
288,Paris,48.873969,2.334355,It Rocks,48.87429682400829,2.3350702643839027,Burger Joint
289,Paris,48.873969,2.334355,Club Haussmann,48.87295817701704,2.335244640186414,Nightclub
290,Paris,48.873969,2.334355,La Brocante,48.873121059249165,2.3392002526548117,Brasserie
291,Paris,48.873969,2.334355,Hôtel Richmond Opéra,48.872012045475955,2.334889769554138,Hotel
292,Paris,48.873969,2.334355,EXKi,48.871882756406556,2.338874702410791,Sandwich Place
293,Paris,48.873969,2.334355,Les Domaines de Sophie,48.87506101691734,2.3386398162529076,French Restaurant
294,Paris,48.873969,2.334355,Square d'Estienne d'Orves,48.87670461049979,2.331622838973999,Garden
295,Paris,48.873969,2.334355,Raphaël H. - Trinité,48.877,2.33049,Restaurant
296,Paris,48.873969,2.334355,Hotel Chateaudun Opera,48.87612905413914,2.3370111429530516,Hotel
297,Paris,48.873969,2.334355,Kamado,48.87606974229448,2.3399575288669032,Japanese Restaurant
298,Paris,48.873969,2.334355,Lémoni,48.87688865508081,2.3308153504918803,Salad Place
299,Paris,48.873969,2.334355,PH7 Équilibre,48.87297,2.3383522,Vegetarian / Vegan Restaurant
300,Paris,48.873969,2.334355,Cucina da Mario,48.876952669245924,2.3297687861288585,Italian Restaurant
301,Berlin,52.527926,13.33664,Pizza con Amore,52.52659523612807,13.337372440673757,Pizza Place
302,Berlin,52.527926,13.33664,Arminius-Markthalle,52.52773864047764,13.338504312600316,Food Court
303,Berlin,52.527926,13.33664,Favorit Gemüse Kebap,52.52673726789724,13.335997701931085,Doner Restaurant
304,Berlin,52.527926,13.33664,Pignut BBQ,52.527859685727734,13.338472860553619,BBQ Joint
305,Berlin,52.527926,13.33664,Flying Fisch,52.52670205762429,13.33604427844273,Fish Market
306,Berlin,52.527926,13.33664,Habe die Ehre,52.528024,13.338907,Austrian Restaurant
307,Berlin,52.527926,13.33664,Alimentari e Vini,52.52779253912857,13.338373145895305,Italian Restaurant
308,Berlin,52.527926,13.33664,Zunftwirtschaft,52.52748502217075,13.338249921798704,German Restaurant
309,Berlin,52.527926,13.33664,RISA Chicken,52.52673055167444,13.336033658089873,Fried Chicken Joint
310,Berlin,52.527926,13.33664,Humbaba,52.526300316181675,13.338223099708557,Shawarma Place
311,Berlin,52.527926,13.33664,Taverna Amphipolis,52.5283773025609,13.341430713623419,Taverna
312,Berlin,52.527926,13.33664,Hoan Kiem,52.52704713750668,13.338969585746785,Vietnamese Restaurant
313,Berlin,52.527926,13.33664,Natürlicher Lebensraum,52.52773631933308,13.339344263076782,Café
314,Berlin,52.527926,13.33664,KOWSKI,52.527820615830024,13.341444789252778,Bar
315,Berlin,52.527926,13.33664,BIO COMPANY,52.52689079750634,13.334986166390536,Organic Grocery
316,Berlin,52.527926,13.33664,go asia 東 Asien Supermarkt,52.52649613755785,13.341554403305054,Grocery Store
317,Berlin,52.527926,13.33664,Café & Simit Evi,52.52915018239252,13.337161177135163,Breakfast Spot
318,Berlin,52.527926,13.33664,Sugar Tapas Bar,52.52987919772112,13.341288500078788,Cocktail Bar
319,Berlin,52.527926,13.33664,Garcia Kaffeebar,52.52766827466156,13.33062445530357,Coffee Shop
320,Berlin,52.527926,13.33664,Recep Usta Köfteci,52.52713871478175,13.33125093912706,Turkish Restaurant
321,Berlin,52.527926,13.33664,George R,52.53024939868373,13.341323381420828,Cocktail Bar
322,Berlin,52.527926,13.33664,Domberger Brot-Werk,52.52379455873132,13.338192365937138,Bakery
323,Berlin,52.527926,13.33664,Eisdiele Marcon,52.52721664721762,13.330068408593696,Ice Cream Shop
324,Berlin,52.527926,13.33664,Bogazici,52.5269828624452,13.333562969972007,Turkish Restaurant
325,Berlin,52.527926,13.33664,Ihr Meisterbäcker,52.524342054402965,13.336093425750732,Bakery
326,Berlin,52.527926,13.33664,Burgerlich,52.527867,13.338765,Burger Joint
327,Berlin,52.527926,13.33664,Zum Stammtisch,52.53008628769528,13.340005179533046,Pub
328,Berlin,52.527926,13.33664,Döner Turm,52.526672,13.341356,Doner Restaurant
329,Berlin,52.527926,13.33664,dm-drogerie markt,52.526563,13.341574,Drugstore
330,Berlin,52.527926,13.33664,Mauerwerk,52.52560853367,13.332909862887456,Bar
331,Berlin,52.527926,13.33664,Rosa Lisbert,52.528001,13.338952,French Restaurant
332,Berlin,52.527926,13.33664,Der Hofladen,52.527938169500885,13.338569216491486,German Restaurant
333,Berlin,52.527926,13.33664,Wilhelms-Burger,52.52775903929864,13.341485459948792,Burger Joint
334,Berlin,52.527926,13.33664,Sönmez Baklava Manufaktur,52.52646599096769,13.340957566636522,Pastry Shop
335,Berlin,52.527926,13.33664,FIT STAR Fitnessstudio Berlin-Moabit,52.5264973,13.3420837,Gym / Fitness Center
336,Berlin,52.527926,13.33664,Osteria dell'Arte,52.52497902832037,13.337843239400778,Trattoria/Osteria
337,Berlin,52.527926,13.33664,Pound & Pence,52.52789,13.33865,Burger Joint
338,Berlin,52.527926,13.33664,Waldcafé,52.527917,13.331087,Café
339,Berlin,52.527926,13.33664,Subito,52.529161226415596,13.337145040545183,Bar
340,Berlin,52.527926,13.33664,Amstel House,52.528477937749685,13.336744614889128,Hostel
341,Berlin,52.527926,13.33664,Walhalla,52.52423,13.339362,Gastropub
342,Berlin,52.527926,13.33664,dm-drogerie markt,52.526658,13.341953,Drugstore
343,Berlin,52.527926,13.33664,Fiaker,52.52369193495437,13.338041897270227,Café
344,Berlin,52.527926,13.33664,Back-Factory,52.52668022986665,13.33763986400854,Bakery
345,Berlin,52.527926,13.33664,The Poutine Kitchen,52.52794962224735,13.338791033819954,Fast Food Restaurant
346,Berlin,52.527926,13.33664,Café Zina,52.528644388173525,13.335838671803234,Café
347,Berlin,52.527926,13.33664,Braun Design Sammlung,52.524178861980566,13.33638310432434,Museum
348,Berlin,52.527926,13.33664,Wonder Waffel,52.526483,13.343541,Ice Cream Shop
349,Berlin,52.527926,13.33664,BrewBaker,52.527972702075694,13.338421442507236,Beer Bar
350,Berlin,52.527926,13.33664,Eis Da Gianni,52.526616462272166,13.337426860437072,Ice Cream Shop
351,Berlin,52.527926,13.33664,San Juan,52.52654835644403,13.339376449584961,Italian Restaurant
352,Berlin,52.527926,13.33664,Café Pfau,52.52726660224447,13.33055617842835,Breakfast Spot
353,Berlin,52.527926,13.33664,Ristorante La Tettoia,52.52823381983103,13.3308434860563,Italian Restaurant
354,Berlin,52.527926,13.33664,REWE City,52.52720900000002,13.332790218996934,Supermarket
355,Berlin,52.527926,13.33664,La Fiamma,52.527443717776826,13.329631102918592,Pizza Place
356,Berlin,52.527926,13.33664,Pizzeria Alte Forno,52.52669038050762,13.33674803521447,Pizza Place
357,Berlin,52.527926,13.33664,Ambar,52.52417285883161,13.338072278057599,Cocktail Bar
358,Berlin,52.527926,13.33664,eurogida,52.52689754518048,13.334762545183994,Grocery Store
359,Berlin,52.527926,13.33664,TS Foods Supermarket,52.524592,13.332975,Food & Drink Shop
360,Berlin,52.527926,13.33664,Der Fischladen,52.527808312062504,13.338524629838167,Fish Market
361,Berlin,52.527926,13.33664,McDarwich's,52.52655334766025,13.33753799586554,Burger Joint
362,Berlin,52.527926,13.33664,dm-drogerie markt,52.52755,13.329334,Drugstore
363,Berlin,52.527926,13.33664,Baker's Back & Coffee,52.526349517501,13.33833878765169,Bakery
364,Berlin,52.527926,13.33664,C&A,52.52648278228487,13.34144455871979,Clothing Store
365,Berlin,52.527926,13.33664,Bolu,52.52676761941779,13.33572407165042,Grocery Store
366,Berlin,52.527926,13.33664,Apple City Hotel Berlin,52.5269896985414,13.341223254418036,Hotel
367,Berlin,52.527926,13.33664,Sport Oase,52.527177811283316,13.343642418497671,Gym / Fitness Center
368,Berlin,52.527926,13.33664,Ottopark,52.52573895673149,13.336951732635498,Park
369,Berlin,52.527926,13.33664,La Mandria,52.527234606410126,13.329887783658227,Italian Restaurant
370,Berlin,52.527926,13.33664,Caffè Barletta,52.52761,13.338732,Coffee Shop
371,Berlin,52.527926,13.33664,EDEKA Vaupel,52.53013,13.33721,Supermarket
372,Berlin,52.527926,13.33664,Café time,52.526476555459496,13.342281281948088,Coffee Shop
373,Berlin,52.527926,13.33664,U Turmstraße,52.52613060361615,13.341339826583862,Metro Station
374,Berlin,52.527926,13.33664,Melek Pastanesi,52.53080725032057,13.333593606948853,Bakery
375,Berlin,52.527926,13.33664,Superwoman Fitness,52.52642919552349,13.341756354054006,Gym / Fitness Center
376,Berlin,52.527926,13.33664,H U Turmstraße,52.5257803217229,13.34122594047015,Bus Stop
377,Berlin,52.527926,13.33664,Weinschmiede,52.524603161017716,13.339505195617676,Wine Shop
378,Berlin,52.527926,13.33664,BROT&BRÖTCHEN,52.52740231886897,13.330456547876551,Bakery
379,Berlin,52.527926,13.33664,mia y leo,52.52388511409241,13.333861827850342,Empanada Restaurant
380,Berlin,52.527926,13.33664,Seçkin Döner,52.527394,13.329408,Doner Restaurant
381,Berlin,52.527926,13.33664,Weimarer Dreieck,52.523451,13.336738,Polish Restaurant
382,Stockholm,59.331539,18.064186,At Six,59.3310567,18.0669304,Hotel
383,Stockholm,59.331539,18.064186,Arket,59.33285808438891,18.06216839124268,Clothing Store
384,Stockholm,59.331539,18.064186,Bastard Burgers,59.33155328359071,18.066902963910255,Burger Joint
385,Stockholm,59.331539,18.064186,TAK,59.33073627852783,18.067112159151424,Scandinavian Restaurant
386,Stockholm,59.331539,18.064186,SATS,59.332544,18.060433,Gym / Fitness Center
387,Stockholm,59.331539,18.064186,Lagerhaus,59.33148,18.0636696,Furniture / Home Store
388,Stockholm,59.331539,18.064186,Scandic Continental,59.33112010299758,18.059044685546652,Hotel
389,Stockholm,59.331539,18.064186,Caramella,59.33399433196746,18.062588590266106,Candy Store
390,Stockholm,59.331539,18.064186,Hobo Hotel,59.33095,18.067078,Hotel
391,Stockholm,59.331539,18.064186,Hötorgshallen,59.334496037778216,18.062354560230855,Farmers Market
392,Stockholm,59.331539,18.064186,SATS,59.333119,18.06775,Gym / Fitness Center
393,Stockholm,59.331539,18.064186,Kajsas Fisk,59.33452074573017,18.062301660965538,Seafood Restaurant
394,Stockholm,59.331539,18.064186,Uniqlo,59.33254937902203,18.069817387796974,Clothing Store
395,Stockholm,59.331539,18.064186,Åhléns City,59.332267325329134,18.06209625067401,Department Store
396,Stockholm,59.331539,18.064186,NK - Nordiska Kompaniet,59.33277146187996,18.069388145333644,Department Store
397,Stockholm,59.331539,18.064186,Kungliga Operan,59.32949769392505,18.06932363337112,Opera House
398,Stockholm,59.331539,18.064186,NK Art Bakery,59.333043,18.067981,Bakery
399,Stockholm,59.331539,18.064186,Kungsträdgården,59.33157465216951,18.071435784161434,Park
400,Stockholm,59.331539,18.064186,Scandinavian Photo,59.329984789702536,18.059986287906074,Camera Store
401,Stockholm,59.331539,18.064186,Saigon Baguette,59.333499,18.058416,Vietnamese Restaurant
402,Stockholm,59.331539,18.064186,Frantzén,59.33385430000001,18.05851949999999,Scandinavian Restaurant
403,Stockholm,59.331539,18.064186,Kaferang,59.33403280397939,18.06014849449254,Café
404,Stockholm,59.331539,18.064186,Haymarket,59.3346121652937,18.061437606811523,Cocktail Bar
405,Stockholm,59.331539,18.064186,Akademibokhandeln,59.33404234569302,18.067398100319238,Bookstore
406,Stockholm,59.331539,18.064186,Bakfickan,59.330194,18.070884,Scandinavian Restaurant
407,Stockholm,59.331539,18.064186,Americain,59.3349439117078,18.06172285817639,Cocktail Bar
408,Stockholm,59.331539,18.064186,Gretas,59.33472301995668,18.062133008996536,Café
409,Stockholm,59.331539,18.064186,Sushirullen,59.334088,18.061323,Sushi Restaurant
410,Stockholm,59.331539,18.064186,Haymarket by Scandic,59.33493402597132,18.061605972555263,Hotel
411,Stockholm,59.331539,18.064186,Oxsvansen,59.33467547005233,18.06602669156467,Pub
412,Stockholm,59.331539,18.064186,Bistro Bestick,59.33297087408431,18.05932088851241,Restaurant
413,Stockholm,59.331539,18.064186,Vete-Katten,59.33417768875955,18.05823909702743,Café
414,Stockholm,59.331539,18.064186,Sheraton Stockholm Hotel,59.3290371,18.0615056,Hotel
415,Stockholm,59.331539,18.064186,Rooftop Bar Scandic Continental,59.331009418846314,18.059470595083,Cocktail Bar
416,Stockholm,59.331539,18.064186,Breakfast Room Royal Viking,59.331471,18.057567,Breakfast Spot
417,Stockholm,59.331539,18.064186,Oriental Supermarket,59.333893,18.06831,Grocery Store
418,Stockholm,59.331539,18.064186,Konserthuset,59.335164976825766,18.063846478788296,Concert Hall
419,Stockholm,59.331539,18.064186,Lobby Bar - Royal Viking,59.33145023555394,18.058094307140752,Hotel Bar
420,Stockholm,59.331539,18.064186,Operakällaren,59.32950578815514,18.07162625020032,Scandinavian Restaurant
421,Stockholm,59.331539,18.064186,Barrels Burgers & Beer,59.333572,18.070965,Burger Joint
422,Stockholm,59.331539,18.064186,SATS,59.334823,18.064968,Gym / Fitness Center
423,Stockholm,59.331539,18.064186,SMAK,59.335127504909636,18.064894346918166,Scandinavian Restaurant
424,Stockholm,59.331539,18.064186,Boqueria,59.3346711971357,18.06863697236787,Tapas Restaurant
425,Stockholm,59.331539,18.064186,Iris Hantverk,59.33436658648826,18.058706334864343,Arts & Crafts Store
426,Stockholm,59.331539,18.064186,Radisson Blu Waterfront Hotel,59.3298307,18.0561765,Hotel
427,Stockholm,59.331539,18.064186,Gustav Adolfs Torg,59.32923188668454,18.068971947601167,Plaza
428,Stockholm,59.331539,18.064186,18|89 Fast Fine Pizza,59.33426521080255,18.070620010608902,Pizza Place
429,Stockholm,59.331539,18.064186,Lush,59.330618440200624,18.056641236624465,Cosmetics Shop
430,Stockholm,59.331539,18.064186,Espresso House,59.331436738117574,18.058363325771786,Coffee Shop
431,Stockholm,59.331539,18.064186,Belgobaren,59.332771,18.058334,Gastropub
432,Stockholm,59.331539,18.064186,Gateau,59.3305285305923,18.05675538038383,Bakery
433,Stockholm,59.331539,18.064186,Central Hotel,59.33316038705851,18.057976203768625,Hotel
434,Stockholm,59.331539,18.064186,Boston Grill Centralen,59.330200497743235,18.058404880276804,BBQ Joint
435,Stockholm,59.331539,18.064186,The Capital,59.330983030234954,18.059484799249113,Roof Deck
436,Stockholm,59.331539,18.064186,Kreatima,59.334471370488444,18.05901380092139,Arts & Crafts Store
437,Stockholm,59.331539,18.064186,The Bishops Arms,59.33221505078743,18.057711535305682,Pub
438,Stockholm,59.331539,18.064186,MOOD Stockholm,59.33435907260034,18.070725857220364,Shopping Mall
439,Stockholm,59.331539,18.064186,Blueberry,59.33041638074835,18.05633686004808,Café
440,Stockholm,59.331539,18.064186,Max Hamburgare,59.33541270322835,18.06242641992867,Fast Food Restaurant
441,Stockholm,59.331539,18.064186,Barista,59.33058456596303,18.05821895599365,Café
442,Stockholm,59.331539,18.064186,Espresso House,59.33123352621521,18.056100146853762,Coffee Shop
443,Stockholm,59.331539,18.064186,Luzette,59.330655416748414,18.058007974745713,French Restaurant
444,Stockholm,59.331539,18.064186,Freys Hotel,59.33286848928052,18.058292872079726,Hotel
445,Stockholm,59.331539,18.064186,Nordic Light Hotel,59.33255352274117,18.05724370156947,Hotel
446,Stockholm,59.331539,18.064186,Holiday,59.33243015750719,18.06045084272332,Asian Restaurant
447,Stockholm,59.331539,18.064186,Hotel C Stockholm,59.332328940187494,18.056754677976055,Hotel
448,Stockholm,59.331539,18.064186,Espresso House,59.333136175458726,18.056965309544456,Coffee Shop
449,Stockholm,59.331539,18.064186,Weidao,59.33187916259868,18.05815513555107,Asian Restaurant
450,Stockholm,59.331539,18.064186,Max Hamburgare,59.33229471231752,18.05738478899002,Restaurant
451,Stockholm,59.331539,18.064186,Gateau,59.330351555751605,18.058232347111648,Bakery
452,Stockholm,59.331539,18.064186,Ai Ramen,59.33338754645241,18.05786090114901,Ramen Restaurant
453,Stockholm,59.331539,18.064186,Espresso House,59.330377904247946,18.058086200812934,Coffee Shop
454,Stockholm,59.331539,18.064186,Stockholm Fisk,59.33148846169039,18.05801701672262,Seafood Restaurant
455,Stockholm,59.331539,18.064186,Stockholm City (J),59.332571446248366,18.05720869479365,Train Station
456,Stockholm,59.331539,18.064186,JOE & THE JUICE,59.3331037,18.0574162,Juice Bar
457,Stockholm,59.331539,18.064186,Radisson Blu - Waterfront,59.329890742371745,18.056294054396233,Hotel Bar
458,Toronto,43.692344,-79.450165,Doce Minho Pastry & Bakery,43.6918926751435,-79.44819075003524,Bakery
459,Toronto,43.692344,-79.450165,Tim Hortons,43.6957155747294,-79.4491392374038,Coffee Shop
460,Toronto,43.692344,-79.450165,Dollarama,43.696349,-79.450916,Discount Store
461,Toronto,43.692344,-79.450165,Shoppers Drug Mart,43.695714,-79.450789,Pharmacy
462,Toronto,43.692344,-79.450165,Pizza Hut,43.69567319999999,-79.4515145,Pizza Place
463,Toronto,43.692344,-79.450165,TD Canada Trust,43.69548525514628,-79.4517315417083,Bank
464,Toronto,43.692344,-79.450165,No Frills,43.694789,-79.453038,Grocery Store
465,Toronto,43.692344,-79.450165,Fairbank Memorial Park,43.69202800194052,-79.44892353333186,Park
466,Toronto,43.692344,-79.450165,Churrasqueira Portugal BBQ & Grill,43.69560855197261,-79.44972466554799,Portuguese Restaurant
467,Toronto,43.692344,-79.450165,Cas Corona,43.69565075462475,-79.44971192228198,Mexican Restaurant
468,Toronto,43.692344,-79.450165,TTC Blue Night Bus 332 Eglinton West,43.69580652075357,-79.44999292040539,Bus Line
469,Toronto,43.692344,-79.450165,Ice Cream Truck,43.69563815508513,-79.4469599792405,Food Truck
470,Singapore,1.31331,103.88475,The Skewer Bar,1.3136741,103.88387,BBQ Joint
471,Singapore,1.31331,103.88475,J.B. Ah Meng Restaurant,1.3137354527523077,103.88618230819701,Chinese Restaurant
472,Singapore,1.31331,103.88475,No Signboard Seafood Restaurant,1.3131547235738912,103.88270024466065,Seafood Restaurant
473,Singapore,1.31331,103.88475,Hong Qin Fish & Duck Porridge,1.3157868493163372,103.88566302456583,Chinese Restaurant
474,Singapore,1.31331,103.88475,Sik Bao Sin (Desmond's Creations),1.314240585160772,103.88782450422956,Cantonese Restaurant
475,Singapore,1.31331,103.88475,The Lorong 24A shophouse series,1.3127769320076033,103.88404451502628,Boarding House
476,Singapore,1.31331,103.88475,Onsight Climbing Gym,1.3103143049148902,103.88182195459656,Climbing Gym
477,Singapore,1.31331,103.88475,Brawn & Brains,1.310302268693275,103.88189429765927,Café
478,Singapore,1.31331,103.88475,Tanjong Rhu Pau & Confectionery,1.3118396287235783,103.88816177845001,Dim Sum Restaurant
479,Singapore,1.31331,103.88475,L32 手工面 Hand Made Noodles,1.3139135,103.88706,Noodle House
480,Singapore,1.31331,103.88475,The Tuckshop,1.31199,103.88855,Bar
481,Singapore,1.31331,103.88475,Sean Kee Duck Rice,1.3144597481067506,103.88858696959619,Chinese Restaurant
482,Singapore,1.31331,103.88475,Lai Huat Seafood Restaurant 来发海鲜菜馆,1.3119595636204764,103.88809006771774,Seafood Restaurant
483,Singapore,1.31331,103.88475,Shuang Shun Chicken Rice,1.3126799566493423,103.88053564718936,Asian Restaurant
484,Singapore,1.31331,103.88475,Fatt Choy Mui Seafood Restaurant,1.30932,103.88465,Chinese Restaurant
485,Singapore,1.31331,103.88475,Swee Guan Hokkien Mee,1.3139985096552385,103.88570603774998,Noodle House
486,Singapore,1.31331,103.88475,Tasvee Restaurant,1.3134206963497188,103.88376502569557,Indian Restaurant
487,Singapore,1.31331,103.88475,Penang Seafood Restaurant,1.314833,103.882075,Seafood Restaurant
488,Singapore,1.31331,103.88475,悦意坊 Yes Natural F & B Vegetarian Restaurant,1.3158283108791142,103.88380745580389,Vegetarian / Vegan Restaurant
489,Singapore,1.31331,103.88475,Sweet Garden Dessert Café,1.3097450456480348,103.88408987851021,Dessert Shop
490,Singapore,1.31331,103.88475,7-Eleven,1.3127575119731845,103.88073824538361,Convenience Store
491,Singapore,1.31331,103.88475,觀音齋 Kwan Inn Vegetarian Food,1.315932,103.886388,Vegetarian / Vegan Restaurant
492,Singapore,1.31331,103.88475,Collin's Grille . Bento,1.3153236811049351,103.88316258450361,Japanese Restaurant
493,Singapore,1.31331,103.88475,Koung's Wan Tan Mee 龔氏雲吞面 (Koung's Wan Tan Mee),1.3148600515359223,103.88085549843761,Noodle House
494,Singapore,1.31331,103.88475,Aikido Shinju-kai (Singapore) HQ 心柔会本部道场,1.3151733562142804,103.8831553034351,Martial Arts Dojo
495,Singapore,1.31331,103.88475,Ju Shin Jung,1.3103925910612888,103.88230195439044,Korean Restaurant
496,Singapore,1.31331,103.88475,G.Spa,1.3100681917398054,103.88239034780673,Spa
497,Singapore,1.31331,103.88475,Ci Hang Western & Chinese Vegetarian Fast Food,1.3157438984212995,103.88324797153473,Vegetarian / Vegan Restaurant
498,Singapore,1.31331,103.88475,New Scissors-Cut Curry Rice 新剪刀剪咖喱饭,1.3145055948294593,103.88860210746061,Chinese Restaurant
499,Amsterdam,52.375547,4.855201,Erasmuspark,52.374520382797066,4.851751626542576,Park
500,Amsterdam,52.375547,4.855201,Broodje Daan,52.37345577310706,4.853298532112605,Deli / Bodega
501,Amsterdam,52.375547,4.855201,Ram's Roti West,52.37486530914008,4.859967526800791,Caribbean Restaurant
502,Amsterdam,52.375547,4.855201,Kinderboerderij Nieuw Bos en Lommer,52.377225205859105,4.85465227264058,Playground
503,Amsterdam,52.375547,4.855201,Local Hero,52.3749466679783,4.860697960902276,Café
504,Amsterdam,52.375547,4.855201,Terrasmus,52.3741374244589,4.850276119430741,Café
505,Amsterdam,52.375547,4.855201,Café Sportpark,52.37464994917817,4.857798224678057,Bar
506,Amsterdam,52.375547,4.855201,Hartje Bos,52.37902883862678,4.85661337911575,Sandwich Place
507,Amsterdam,52.375547,4.855201,Eetwinkel Buurman & Buurman,52.375401,4.848373,Pizza Place
508,Amsterdam,52.375547,4.855201,Selma's,52.3750361480804,4.861675191514183,Scandinavian Restaurant
509,Amsterdam,52.375547,4.855201,Wachterliedplantsoen,52.37753383798437,4.8536510523068195,Park
510,Amsterdam,52.375547,4.855201,Griekse Traiterie Ela!,52.375099182128906,4.861722469329834,Greek Restaurant
511,Amsterdam,52.375547,4.855201,FemmeGym,52.37324570640318,4.854891331546455,Gym / Fitness Center
512,Amsterdam,52.375547,4.855201,De Nieuwe Boekhandel,52.378839004918376,4.851355458365139,Bookstore
513,Amsterdam,52.375547,4.855201,Sapporo Ramen Sora,52.371294,4.855144,Ramen Restaurant
514,Amsterdam,52.375547,4.855201,Deli-caat,52.37122107648751,4.85605577394502,Deli / Bodega
515,Amsterdam,52.375547,4.855201,Odin Bos en Lommer,52.37865969511697,4.850263056216304,Food & Drink Shop
516,Amsterdam,52.375547,4.855201,Natuurlijk Smullen,52.37503160815613,4.861294126924603,Snack Place
517,Amsterdam,52.375547,4.855201,Albert Heijn,52.37480931734626,4.860891455136907,Supermarket
518,Amsterdam,52.375547,4.855201,Rein Cityspa,52.371217,4.855969,Spa
519,Amsterdam,52.375547,4.855201,Vishandel Gebr. Molenaar,52.37898046836203,4.850709662674284,Seafood Restaurant
520,Amsterdam,52.375547,4.855201,Bagels & Beans,52.37520690193517,4.862484686495476,Bagel Shop
521,Amsterdam,52.375547,4.855201,Café 't Lommertje,52.378669796802114,4.8504668390041035,Bar
522,Amsterdam,52.375547,4.855201,Wanica Exotics,52.37494815166984,4.860830147306598,Chinese Restaurant
523,Amsterdam,52.375547,4.855201,Albert Heijn,52.37145668072126,4.857647104809656,Supermarket
524,Amsterdam,52.375547,4.855201,Bakker v.d. Heijden,52.37923,4.852834,Bakery
525,Amsterdam,52.375547,4.855201,Döner Plaza,52.374888194308326,4.8595769654457746,Middle Eastern Restaurant
526,Amsterdam,52.375547,4.855201,Blauwwithal,52.37577830012143,4.856419689454068,Stadium
527,Amsterdam,52.375547,4.855201,Kruidvat,52.37473984811737,4.859319503499403,Drugstore
528,Amsterdam,52.375547,4.855201,Tennisbaan Blauw-Wit,52.37550993263133,4.856539528204894,Tennis Court
529,Amsterdam,52.375547,4.855201,Erasmus Wasserette Stomerij,52.3772905,4.857971399999999,Laundromat
530,Amsterdam,52.375547,4.855201,Blokker,52.37483252213276,4.860086154111042,Furniture / Home Store
531,Amsterdam,52.375547,4.855201,Etos,52.37493683150384,4.860449022392349,Drugstore
532,Chicago,41.844645,-87.72513000000002,Taqueria Atotonilco,41.84430250319421,-87.72284785771467,Mexican Restaurant
533,Chicago,41.844645,-87.72513000000002,Las Islas Marias,41.847614367076865,-87.72469350846818,Seafood Restaurant
534,Chicago,41.844645,-87.72513000000002,CVS pharmacy,41.843244263998585,-87.72487328098461,Pharmacy
535,Chicago,41.844645,-87.72513000000002,Walgreens,41.8441464,-87.7246581,Pharmacy
536,Chicago,41.844645,-87.72513000000002,Troha's Shrimp & Fish House,41.844187957912425,-87.72895372550137,Seafood Restaurant
537,Chicago,41.844645,-87.72513000000002,Taqueria Los Gallos,41.84403725008074,-87.72989871286954,Mexican Restaurant
538,Chicago,41.844645,-87.72513000000002,La Chiquita,41.842972601465426,-87.72428915030304,Market
539,Chicago,41.844645,-87.72513000000002,Birrieria Patiños Ocotlan,41.844101354775496,-87.72033777429532,Mexican Restaurant
540,Chicago,41.844645,-87.72513000000002,Domino's Pizza,41.844030590509036,-87.72617071866989,Pizza Place
541,Chicago,41.844645,-87.72513000000002,Fifth Third Bank & ATM,41.843992,-87.724289,Bank
542,Chicago,41.844645,-87.72513000000002,Chase Bank,41.844489,-87.721931,Bank
543,Chicago,41.844645,-87.72513000000002,Subway,41.84442032018106,-87.72587647423973,Sandwich Place
544,Chicago,41.844645,-87.72513000000002,Lalo's Restaurant,41.844473,-87.728174,Mexican Restaurant
545,Chicago,41.844645,-87.72513000000002,Chen's Chinese Food,41.84457338372666,-87.72219923342756,Chinese Restaurant
546,Chicago,41.844645,-87.72513000000002,Delara's Salon,41.844250787370555,-87.7282576267565,Cosmetics Shop
547,Chicago,41.844645,-87.72513000000002,Delicias Mexicanas,41.8444,-87.728965,Mexican Restaurant
548,Chicago,41.844645,-87.72513000000002,La Cueva,41.843986,-87.729112,Nightclub
549,Chicago,41.844645,-87.72513000000002,"Crawford Sausage Company, Inc.",41.848302000000004,-87.725011,Deli / Bodega
550,Chicago,41.844645,-87.72513000000002,El Encanto Michoacano,41.844377,-87.73067900000001,Mexican Restaurant
551,Chicago,41.844645,-87.72513000000002,Burger King,41.84848730436403,-87.72433340549469,Fast Food Restaurant
552,Geneva,46.198133,6.147693,Place du Bourg de Four,46.20003995671398,6.148787140846252,Plaza
553,Geneva,46.198133,6.147693,Parc des Bastions,46.199616679624775,6.14534854888916,Park
554,Geneva,46.198133,6.147693,Radar de Poche,46.200283270489216,6.149639672133064,Italian Restaurant
555,Geneva,46.198133,6.147693,Geneva Street Food Fest,46.199464,6.150245,Street Food Gathering
556,Geneva,46.198133,6.147693,Le Socrate,46.195685510736105,6.146486472200756,French Restaurant
557,Geneva,46.198133,6.147693,Cathédrale Saint-Pierre,46.20113526386962,6.148427724838257,Church
558,Geneva,46.198133,6.147693,Aux Merveilleux de Fred,46.19760384747715,6.143305948701021,Café
559,Geneva,46.198133,6.147693,Musée d'Art et d'Histoire,46.19935660483033,6.151632818196829,Art Museum
560,Geneva,46.198133,6.147693,Vieille Ville / Old Town (Vieille Ville),46.201562242099925,6.146936416625977,Neighborhood
561,Geneva,46.198133,6.147693,Voisins - Coworking Café,46.19600249072818,6.1442969762022965,Coworking Space
562,Geneva,46.198133,6.147693,La Sixième Heure,46.19661183089789,6.144448307293329,Tea Room
563,Geneva,46.198133,6.147693,La Clémence,46.20018662286431,6.148979922313935,Bar
564,Geneva,46.198133,6.147693,Chez ma cousine,46.20076290930974,6.149415091944479,French Restaurant
565,Geneva,46.198133,6.147693,Bistro de la Tour,46.19539846732253,6.146724345530648,Bistro
566,Geneva,46.198133,6.147693,Les Antiquaires,46.201378543810016,6.146619937250892,Swiss Restaurant
567,Geneva,46.198133,6.147693,Le Boteco,46.194911,6.147269,Brazilian Restaurant
568,Geneva,46.198133,6.147693,Café de la Pointe,46.19542951462473,6.146558628266491,Bar
569,Geneva,46.198133,6.147693,Les Armures,46.2012509761624,6.147125652615193,Swiss Restaurant
570,Geneva,46.198133,6.147693,Hôtel Les Armures,46.20136435153236,6.14734177765969,Hotel
571,Geneva,46.198133,6.147693,Jules Verne,46.19412654472276,6.145375842734115,French Restaurant
572,Geneva,46.198133,6.147693,Marché de Plainpalais,46.19718269563315,6.14172772771431,Farmers Market
573,Geneva,46.198133,6.147693,Confiserie Arn,46.20028990464134,6.1491545962174685,Dessert Shop
574,Geneva,46.198133,6.147693,THF Red Label,46.196371591437284,6.143814532142793,Burger Joint
575,Geneva,46.198133,6.147693,Livresse,46.1965065947155,6.142556752534306,Café
576,Geneva,46.198133,6.147693,Place de Neuve,46.201190956870434,6.143395900726318,Plaza
577,Geneva,46.198133,6.147693,Bistrot La Fabrique,46.195975965423195,6.145974692361097,Bistro
578,Geneva,46.198133,6.147693,Mikado,46.197466440692835,6.143059347480782,Sushi Restaurant
579,Geneva,46.198133,6.147693,Holy Cow!,46.19665067900011,6.143068437962443,Burger Joint
580,Geneva,46.198133,6.147693,Tartare&Co,46.196738,6.142011,French Restaurant
581,Geneva,46.198133,6.147693,Vivendo,46.19462071521612,6.149120855295393,Italian Restaurant
582,Geneva,46.198133,6.147693,Pasta d'Oro,46.194697494704386,6.147558499220918,Pizza Place
583,Geneva,46.198133,6.147693,La Comédie de Genève,46.19753069294788,6.143094428401009,Theater
584,Geneva,46.198133,6.147693,L'insensé,46.20002212253971,6.153017732253191,Vegetarian / Vegan Restaurant
585,Geneva,46.198133,6.147693,Le Chausse-Coq,46.194712,6.14776,French Restaurant
586,Geneva,46.198133,6.147693,Parc de l'Observatoire,46.199846883358454,6.15233302116394,Park
587,Geneva,46.198133,6.147693,Le Senat,46.195881112849946,6.150158820839547,Restaurant
588,Geneva,46.198133,6.147693,Café des Sources,46.19592735079748,6.144405854432274,French Restaurant
589,Geneva,46.198133,6.147693,Gaucho Churrascaria,46.1963811021808,6.15283404783031,Argentinian Restaurant
590,Geneva,46.198133,6.147693,Hotel La Cour des Augustins,46.194229248965215,6.145120960891669,Hotel
591,Geneva,46.198133,6.147693,La Citadelle,46.195951287511264,6.146098454233048,Bar
592,Geneva,46.198133,6.147693,Nonna Gina,46.195848,6.152472,Italian Restaurant
593,Geneva,46.198133,6.147693,La Feuille de Banane,46.195293439395854,6.143352856116151,Asian Restaurant
594,Geneva,46.198133,6.147693,Le Vieux Martin,46.194077948259924,6.145514016847406,Spanish Restaurant
595,Geneva,46.198133,6.147693,Red Ox Steakhouse,46.19618759573631,6.151690909929647,Steakhouse
596,Geneva,46.198133,6.147693,Aux Bonnes Choses,46.19377659040613,6.1487067473359645,Coffee Shop
597,Geneva,46.198133,6.147693,L'Epicentre - La Table des Epices,46.19469136052403,6.145496948746143,French Restaurant
598,Geneva,46.198133,6.147693,Les Philosophes,46.19578103110808,6.145839389249287,French Restaurant
599,Geneva,46.198133,6.147693,Emilios,46.1966119841668,6.144035642216825,Greek Restaurant
600,Geneva,46.198133,6.147693,L'Epi Doré,46.19761212070703,6.141996607622269,Café
601,Geneva,46.198133,6.147693,Coop City,46.19686712,6.14286184,Department Store
602,Geneva,46.198133,6.147693,Cafe l'Universal,46.19509429687827,6.1429526279560855,French Restaurant
603,Geneva,46.198133,6.147693,Homous & Co,46.194977,6.1436,Middle Eastern Restaurant
604,Geneva,46.198133,6.147693,Les philosophes,46.195852,6.145602,Restaurant
605,Geneva,46.198133,6.147693,Restaurant Le Victoria,46.19583674490804,6.152483224868774,French Restaurant
606,Geneva,46.198133,6.147693,TPG Pont d'Arve (12-18) (Station Pont d'Arve (12-18)),46.194885,6.143425,Tram Station
607,Geneva,46.198133,6.147693,Adriatica Hotel,46.195529679330285,6.152962508147364,Hotel
608,Sydney,-33.894675,151.19973000000005,Ciccone & Sons,-33.89475850849078,151.19929155544025,Ice Cream Shop
609,Sydney,-33.894675,151.19973000000005,The Bearded Tit,-33.89448736217312,151.19946701878817,Dive Bar
610,Sydney,-33.894675,151.19973000000005,Yen's Vietnamese Restaurant,-33.89599191789151,151.19905836115572,Vietnamese Restaurant
611,Sydney,-33.894675,151.19973000000005,Arcadia Liquors,-33.89261948911978,151.2004233864532,Bar
612,Sydney,-33.894675,151.19973000000005,RaRa Ramen,-33.89261010890802,151.20028003213176,Ramen Restaurant
613,Sydney,-33.894675,151.19973000000005,The Noble Hops,-33.89249418584793,151.2017509619415,Bar
614,Sydney,-33.894675,151.19973000000005,Saint-Germaine Patisserie,-33.89490613073788,151.1981995039374,Bakery
615,Sydney,-33.894675,151.19973000000005,Lord Raglan Hotel,-33.89702904988924,151.19834783681878,Pub
616,Sydney,-33.894675,151.19973000000005,Scout's Honour,-33.892922912134786,151.20212575446425,Café
617,Sydney,-33.894675,151.19973000000005,Wild Cockatoo Bakery,-33.895866,151.1989,Bakery
618,Sydney,-33.894675,151.19973000000005,La Coppola,-33.89239753870483,151.2015161349478,Pizza Place
619,Sydney,-33.894675,151.19973000000005,Happy D's,-33.894218,151.199757,Dim Sum Restaurant
620,Sydney,-33.894675,151.19973000000005,Social-Laneway Espresso,-33.89213883452442,151.19982504099414,Café
621,Sydney,-33.894675,151.19973000000005,Moya's Juniper Lounge,-33.891680937255316,151.20074696922063,Bar
622,Sydney,-33.894675,151.19973000000005,The Rag Land,-33.89667795904099,151.19981683392348,Café
623,Sydney,-33.894675,151.19973000000005,Funkychino,-33.894078364221265,151.19709152306987,Coffee Shop
624,Sydney,-33.894675,151.19973000000005,Misfits Bar & Dining,-33.892688344356756,151.20212789545127,Cocktail Bar
625,Sydney,-33.894675,151.19973000000005,Juan: Bowl & Tea,-33.89298,151.20362,Japanese Restaurant
626,Sydney,-33.894675,151.19973000000005,Coffee Tea & Me,-33.89275951848627,151.20407215672475,Coffee Shop
627,Sydney,-33.894675,151.19973000000005,Hustle & Flow Bar,-33.89191489766551,151.20059098566838,Bar
628,Sydney,-33.894675,151.19973000000005,Yum Yai Thai,-33.897236876945676,151.19944954837837,Thai Restaurant
629,Sydney,-33.894675,151.19973000000005,107 Projects,-33.89304,151.20309,Art Gallery
630,Sydney,-33.894675,151.19973000000005,Lift Performance Center,-33.891506,151.20229,Gymnastics Gym
631,Sydney,-33.894675,151.19973000000005,Bart Jr,-33.89272,151.20367,Bar
632,Sydney,-33.894675,151.19973000000005,Gunther's Dining Room,-33.89215672364102,151.2008160920631,Bar
633,Sydney,-33.894675,151.19973000000005,Hunter's Corner,-33.89280858601514,151.20402037554283,Café
634,Sydney,-33.894675,151.19973000000005,The Tudor Hotel,-33.892685079804,151.2038622961176,Pub
635,Sydney,-33.894675,151.19973000000005,The Milk Bar by Cafe Ish,-33.891863954834406,151.2005659685813,Café
636,Sydney,-33.894675,151.19973000000005,Chapter Five Espresso,-33.89168992539536,151.19829273444614,Coffee Shop
637,Sydney,-33.894675,151.19973000000005,Meet Gerard,-33.897300709133546,151.19680040062437,Café
638,Sydney,-33.894675,151.19973000000005,Finders Keepers Market,-33.89510206439026,151.19501356468828,Market
639,Sydney,-33.894675,151.19973000000005,Pride of Redfern,-33.89160850881431,151.19838587992916,Café
640,Sydney,-33.894675,151.19973000000005,Glengarry Castle Hotel,-33.89112319757602,151.19641632986318,Pub
641,Sydney,-33.894675,151.19973000000005,Australian Technology Park,-33.89486447724923,151.1954404234128,Office
642,Sydney,-33.894675,151.19973000000005,The Cauliflower Hotel,-33.89893184889578,151.2000095733213,Pub
643,Sydney,-33.894675,151.19973000000005,IGA X-press East Waterloo,-33.89824879795303,151.20261680717996,Grocery Store
644,Sydney,-33.894675,151.19973000000005,The Grumpy Barista,-33.897314,151.19768,Café
645,Sydney,-33.894675,151.19973000000005,arte caffe,-33.89880452302002,151.1988924129336,Café
646,Vancouver,49.263561,-123.102938,33 Acres Brewing Company,49.26385708992825,-123.10532987035252,Brewery
647,Vancouver,49.263561,-123.102938,Elysian Coffee,49.26462056353454,-123.10496259408076,Coffee Shop
648,Vancouver,49.263561,-123.102938,Pulpfiction Books,49.26355342177575,-123.10073379181604,Bookstore
649,Vancouver,49.263561,-123.102938,La petite cuillère,49.263532538170665,-123.09990020957775,Tea Room
650,Vancouver,49.263561,-123.102938,Just Yoga,49.262991135007304,-123.10362100534518,Yoga Studio
651,Vancouver,49.263561,-123.102938,Kafka’s Coffee & Tea,49.262417749406616,-123.10117809870914,Coffee Shop
652,Vancouver,49.263561,-123.102938,Fable Diner,49.26297765141387,-123.10167247616315,Diner
653,Vancouver,49.263561,-123.102938,Chutney Villa,49.263044061682194,-123.10184112190444,Indian Restaurant
654,Vancouver,49.263561,-123.102938,The Federal Store,49.2619842404315,-123.10321595745958,Convenience Store
655,Vancouver,49.263561,-123.102938,33 Brewing Experiment,49.263964,-123.105538,Brewery
656,Vancouver,49.263561,-123.102938,La Taqueria Pinche Taco Shop,49.262564265487796,-123.10110019676664,Taco Place
657,Vancouver,49.263561,-123.102938,Rosemary Rocksalt,49.26256797448487,-123.10107194578734,Bagel Shop
658,Vancouver,49.263561,-123.102938,Budgie’s Burritos,49.263714300418506,-123.10029249747802,Burrito Place
659,Vancouver,49.263561,-123.102938,Ignite Pizzeria,49.262067,-123.100761,Pizza Place
660,Vancouver,49.263561,-123.102938,Bird on a Wire Creations,49.262404255503064,-123.10108151935893,Arts & Crafts Store
661,Vancouver,49.263561,-123.102938,JJ's Trucketeria,49.26379620771915,-123.10249271833825,Food Truck
662,Vancouver,49.263561,-123.102938,GENE Cafe,49.26392361386625,-123.10073673016268,Coffee Shop
663,Vancouver,49.263561,-123.102938,Congee Noodle House 粥麵館 (Congee Noodle House),49.26302855757928,-123.10210492766456,Chinese Restaurant
664,Vancouver,49.263561,-123.102938,Cartems Donuterie,49.265564327790955,-123.10068514759391,Donut Shop
665,Vancouver,49.263561,-123.102938,Brassneck Brewery,49.26575630058471,-123.10060592190426,Brewery
666,Vancouver,49.263561,-123.102938,F As In Frank,49.26326619092732,-123.10115572202496,Thrift / Vintage Store
667,Vancouver,49.263561,-123.102938,The Juice Truck,49.266447251463006,-123.10553065168328,Juice Bar
668,Vancouver,49.263561,-123.102938,Dock Lunch,49.261069,-123.101715,Sandwich Place
669,Vancouver,49.263561,-123.102938,Nirvana Indian Restaruant,49.264335793172805,-123.10081818173336,Indian Restaurant
670,Vancouver,49.263561,-123.102938,Chicha,49.262769281784344,-123.10208487908602,Peruvian Restaurant
671,Vancouver,49.263561,-123.102938,Our Town Café,49.26301421825857,-123.09981820300277,Coffee Shop
672,Vancouver,49.263561,-123.102938,Pure Bread,49.26657673253481,-123.10454749124816,Bakery
673,Vancouver,49.263561,-123.102938,Main Street Brewing Company,49.26465126728451,-123.09932898091687,Brewery
674,Vancouver,49.263561,-123.102938,Milano Coffee,49.26379,-123.1088,Coffee Shop
675,Vancouver,49.263561,-123.102938,Fox Cabaret,49.26422125062396,-123.10135377409732,Lounge
676,Vancouver,49.263561,-123.102938,Mount Pleasant Community Centre,49.264027189974975,-123.1003409653801,Library
677,Vancouver,49.263561,-123.102938,Dude Chilling Park,49.26372990146711,-123.09679627418517,Outdoor Sculpture
678,Vancouver,49.263561,-123.102938,Peaceful Restaurant 和平饭店,49.26650968885001,-123.10373071412252,Chinese Restaurant
679,Vancouver,49.263561,-123.102938,Antisocial Skate Shop,49.26418322660098,-123.10061292219989,Board Shop
680,Vancouver,49.263561,-123.102938,The Cascade Room,49.26179424467106,-123.1008568718438,Lounge
681,Vancouver,49.263561,-123.102938,R & B Brewing Co.,49.26732906722253,-123.10339753689526,Brewery
682,Vancouver,49.263561,-123.102938,Sushiyama,49.26289746256272,-123.09716862704346,Sushi Restaurant
683,Vancouver,49.263561,-123.102938,Martini's,49.263088,-123.108217,Italian Restaurant
684,Vancouver,49.263561,-123.102938,Tocador,49.26176,-123.100707,Cuban Restaurant
685,Vancouver,49.263561,-123.102938,Mountain Equipment Co-Op (MEC),49.26301649526776,-123.10852174366461,Outdoor Supply Store
686,Vancouver,49.263561,-123.102938,The Rumpus Room,49.26449,-123.101157,Diner
687,Vancouver,49.263561,-123.102938,Burdock & Co.,49.26098886906864,-123.10088935967225,New American Restaurant
688,Vancouver,49.263561,-123.102938,Emelle's Catering,49.26460072672688,-123.10867977308867,Bistro
689,Vancouver,49.263561,-123.102938,Electric Bicycle Brewing,49.26731033032088,-123.10417400683019,Brewery
690,Vancouver,49.263561,-123.102938,Smith’s Bagelry,49.263227,-123.108703,Bagel Shop
691,Vancouver,49.263561,-123.102938,The Black Lodge Broadway,49.262955,-123.098515,Cocktail Bar
692,Vancouver,49.263561,-123.102938,Jonathon Rogers Park,49.264079970449885,-123.10802936553955,Park
693,Vancouver,49.263561,-123.102938,The Whip,49.26552809928155,-123.10030339572165,Breakfast Spot
694,Vancouver,49.263561,-123.102938,Modus Coffee,49.26304127828511,-123.10721158679615,Café
695,Vancouver,49.263561,-123.102938,Kranky Cafe,49.26733348704629,-123.09997696830753,Café
696,Vancouver,49.263561,-123.102938,Terra Breads False Creek,49.266546286386266,-123.10587000009507,Café
697,Vancouver,49.263561,-123.102938,Tacofino Ocho,49.266306,-123.10449,Taco Place
698,Vancouver,49.263561,-123.102938,Como Taperia,49.264676,-123.100642,Tapas Restaurant
699,Vancouver,49.263561,-123.102938,Cafe D'Afrique,49.26292656670957,-123.09750259034061,Ethiopian Restaurant
700,Vancouver,49.263561,-123.102938,Hime Sushi,49.26297064086981,-123.09872088057193,Sushi Restaurant
701,Vancouver,49.263561,-123.102938,Pho Linh,49.262809,-123.09835,Vietnamese Restaurant
702,Vancouver,49.263561,-123.102938,Fitness Centre (Mount Pleasant Community Centre),49.26389791518578,-123.10029228250126,Gym
703,Vancouver,49.263561,-123.102938,Rocanini Coffee Roasters,49.26669270726479,-123.1077917180106,Coffee Shop
704,Vancouver,49.263561,-123.102938,Thai Son,49.26287272793801,-123.09671107140775,Vietnamese Restaurant
705,Vancouver,49.263561,-123.102938,BC Liquor Store,49.2623565834142,-123.09731974772598,Liquor Store
706,Vancouver,49.263561,-123.102938,Shoppers Drug Mart,49.262786,-123.09712,Pharmacy
707,Vancouver,49.263561,-123.102938,Pleasant Beans,49.26388610268146,-123.10034295621693,Café
708,Vancouver,49.263561,-123.102938,AJ’s Brooklyn Pizza Joint,49.26297,-123.098112,Pizza Place
709,Hong Kong,22.275245,114.159532,Hong Kong Park Aviary (香港公園觀鳥園),22.27714,114.161399,Zoo
710,Hong Kong,22.275245,114.159532,The Murray Hong Kong (香港美利酒店),22.278127272610096,114.1603915879511,Hotel
711,Hong Kong,22.275245,114.159532,Hong Kong Park (香港公園),22.27769953093909,114.16185379028319,Park
712,Hong Kong,22.275245,114.159532,Popinjays,22.278229824038853,114.15994780915166,Cocktail Bar
713,Hong Kong,22.275245,114.159532,Edward Youde Aviary,22.276810500644064,114.16046169521435,Park
714,Hong Kong,22.275245,114.159532,San Xi Lou (三希樓),22.27660495227515,114.15643747019334,Szechuan Restaurant
715,Hong Kong,22.275245,114.159532,Pure Fitness,22.27847490862232,114.16136336387987,Gym / Fitness Center
716,Hong Kong,22.275245,114.159532,Hong Kong Zoological and Botanical Gardens (香港動植物公園),22.277890576394945,114.15609576312983,Botanical Garden
717,Hong Kong,22.275245,114.159532,Pure Veggie House (心齋),22.27639647392571,114.15610045194626,Vegetarian / Vegan Restaurant
718,Hong Kong,22.275245,114.159532,Lock Cha Tea House (樂茶軒),22.277792578578463,114.16267451278033,Tea Room
719,Hong Kong,22.275245,114.159532,Two MacDonnell Road (麥當勞道貳號),22.27614768970774,114.15557066683205,Hotel
720,Hong Kong,22.275245,114.159532,Central Green Trail (Central Green Trail 中區自然徑),22.27492227521082,114.15705371732655,Trail
721,Hong Kong,22.275245,114.159532,fusion by PARKnSHOP,22.276432280422245,114.15588094887518,Supermarket
722,Hong Kong,22.275245,114.159532,Hong Kong Visual Arts Centre 香港視覺藝術中心 (香港視覺藝術中心),22.27645967782156,114.15930054723513,Art Gallery
723,Hong Kong,22.275245,114.159532,Forsgate Conservatory (香港公園霍士傑溫室),22.27597247772411,114.16184926304662,Botanical Garden
724,Hong Kong,22.275245,114.159532,D Corner,22.27348376435325,114.15903348279119,American Restaurant
725,Hong Kong,22.275245,114.159532,Peak Tram Kennedy Road Station (山頂纜車堅尼地道站),22.276572358296967,114.15804532952465,Tram Station
726,Hong Kong,22.275245,114.159532,My Gym,22.276604807475838,114.15644411034923,Gym
727,Hong Kong,22.275245,114.159532,Café on 8,22.276131,114.1556,Café
728,Barcelona,41.396729,2.141046,Arsenal Amigó,41.39742395329059,2.142351013408993,Gym / Fitness Center
729,Barcelona,41.396729,2.141046,Turó Park,41.394691287386756,2.1410705960452745,Park
730,Barcelona,41.396729,2.141046,Carlitos,41.39526864861665,2.1427461280931808,Spanish Restaurant
731,Barcelona,41.396729,2.141046,B14,41.39558006491888,2.1392011642456055,Art Gallery
732,Barcelona,41.396729,2.141046,Abasolo Etxea,41.39494293264803,2.1436844988573145,Spanish Restaurant
733,Barcelona,41.396729,2.141046,Piu et Nau,41.39601467523001,2.140316963195801,Kids Store
734,Barcelona,41.396729,2.141046,Pinhan Café,41.39490173677155,2.140601234914491,Mediterranean Restaurant
735,Barcelona,41.396729,2.141046,Kuo,41.396585388324745,2.1441366062154756,Japanese Restaurant
736,Barcelona,41.396729,2.141046,Iluzione,41.395948,2.140609,Italian Restaurant
737,Barcelona,41.396729,2.141046,Spice Bcn,41.39541909739955,2.1443188190460205,African Restaurant
738,Barcelona,41.396729,2.141046,Buvette,41.39580645029344,2.1438285930161096,Snack Place
739,Barcelona,41.396729,2.141046,Byblos,41.39473760550553,2.1436970935598656,Falafel Restaurant
740,Barcelona,41.396729,2.141046,Casa Ametller,41.395302,2.142882,Deli / Bodega
741,Barcelona,41.396729,2.141046,Oliana Restaurant (L'),41.39652431249773,2.1448259174758277,Mediterranean Restaurant
742,Barcelona,41.396729,2.141046,SandwiChez,41.39652190144551,2.1430567320831364,Sandwich Place
743,Barcelona,41.396729,2.141046,Gimlet,41.39611224220327,2.145303704085937,Cocktail Bar
744,Barcelona,41.396729,2.141046,Lafuente,41.39609267887253,2.1394755789274638,Liquor Store
745,Barcelona,41.396729,2.141046,Plusfresc,41.39845975905445,2.1419375060019967,Grocery Store
746,Barcelona,41.396729,2.141046,El Pa Torrat,41.397000623034806,2.144028802237211,Bakery
747,Barcelona,41.396729,2.141046,A Pluma,41.39583,2.145418,Fried Chicken Joint
748,Barcelona,41.396729,2.141046,El Petit Celler,41.39279212216251,2.1410628983629567,Wine Shop
749,Barcelona,41.396729,2.141046,Bambarol Bar Restaurant,41.39509585235976,2.146291546472143,Mediterranean Restaurant
750,Barcelona,41.396729,2.141046,Oriol Balaguer,41.39466117633318,2.138269299320653,Bakery
751,Barcelona,41.396729,2.141046,Café Turó,41.3947819605619,2.1420274738067384,Spanish Restaurant
752,Barcelona,41.396729,2.141046,Peekaboo,41.39985553751248,2.140725333852228,Toy / Game Store
753,Barcelona,41.396729,2.141046,Isabella's Restaurant,41.39596805713603,2.1367710735706953,Italian Restaurant
754,Barcelona,41.396729,2.141046,Marcel Santaló Café-Bar,41.395942056079726,2.1454244716206734,Café
755,Barcelona,41.396729,2.141046,Institut Oftalmològic Barraquer,41.39697307994654,2.1460455139528687,Medical Center
756,Barcelona,41.396729,2.141046,Vermut Perez,41.39434943999807,2.1386442263029797,Bistro
757,Barcelona,41.396729,2.141046,Tim Hortons,41.39893,2.1429985,Coffee Shop
758,Barcelona,41.396729,2.141046,Plaça de Sant Gregori Taumaturg,41.39450246827775,2.13820376299338,Plaza
759,Barcelona,41.396729,2.141046,Coffeing,41.39593422719211,2.1459418055488015,Cafeteria
760,Barcelona,41.396729,2.141046,Nueva Sala Magali,41.39377386320011,2.141588491829682,Gym
761,Barcelona,41.396729,2.141046,Parc Moragas,41.39861161636004,2.1452628240987255,Garden
762,Barcelona,41.396729,2.141046,Goiko Grill,41.39373145115472,2.1448434993790233,Burger Joint
763,Barcelona,41.396729,2.141046,Tío Joe,41.39442146846048,2.1456144811997384,Burger Joint
764,Barcelona,41.396729,2.141046,"Parc ""Piscines i Esports""",41.393328261517475,2.137531784409461,Park
765,Barcelona,41.396729,2.141046,La Niña De Mis Ojos,41.396034,2.144804,Restaurant
766,Barcelona,41.396729,2.141046,Turris,41.39373229506031,2.144750435203779,Bakery
767,Barcelona,41.396729,2.141046,T-Bone Station,41.393643379624145,2.144883042555419,American Restaurant
768,Barcelona,41.396729,2.141046,K-Tuin,41.397906401776154,2.144559985735207,Electronics Store
769,Barcelona,41.396729,2.141046,Bond Café,41.395451290935306,2.1461963653564453,Coffee Shop
770,Barcelona,41.396729,2.141046,La Taronja,41.39754977392355,2.1455268078732894,Café
771,Barcelona,41.396729,2.141046,la Sirena,41.39643729504071,2.1454969006662843,Grocery Store
772,Barcelona,41.396729,2.141046,Mercure Alberta Barcelona,41.39996411698322,2.1451861236366767,Hotel
773,Barcelona,41.396729,2.141046,La Despensa de Laforja,41.39737439136238,2.1468296709321817,Deli / Bodega
774,Barcelona,41.396729,2.141046,Restaurante japonés Yi Duó,41.398946,2.146051,Sushi Restaurant
775,Dublin,53.339,-6.253951,The Cellar Bar,53.33873930127713,-6.252876140259834,Hotel Bar
776,Dublin,53.339,-6.253951,Cirillo's,53.33786553071645,-6.252519058698176,Italian Restaurant
777,Dublin,53.339,-6.253951,Merrion Hotel,53.33857988029337,-6.253019843750009,Hotel
778,Dublin,53.339,-6.253951,Merrion Square Park,53.34013752866365,-6.250450753527079,Park
779,Dublin,53.339,-6.253951,Peploe's,53.33942208131744,-6.25822775296813,French Restaurant
780,Dublin,53.339,-6.253951,Toners Pub,53.33783798655943,-6.252409709840669,Pub
781,Dublin,53.339,-6.253951,Hatch & Sons,53.33951478287386,-6.258459815335718,Café
782,Dublin,53.339,-6.253951,Oscar Wilde Statue,53.34093732730395,-6.250692050637122,Outdoor Sculpture
783,Dublin,53.339,-6.253951,Peruke & Periwig,53.34008607089172,-6.25854214051159,Cocktail Bar
784,Dublin,53.339,-6.253951,St Stephen's Green,53.338150925581544,-6.259160041809082,Park
785,Dublin,53.339,-6.253951,The Natural Bakery,53.3378816439976,-6.252272324090808,Bakery
786,Dublin,53.339,-6.253951,Coffeeangel,53.342070991979604,-6.254019213314592,Coffee Shop
787,Dublin,53.339,-6.253951,Dolce Sicily,53.340942,-6.258772,Café
788,Dublin,53.339,-6.253951,Cafe en Seine,53.340674282713735,-6.258639154153987,Lounge
789,Dublin,53.339,-6.253951,National Gallery of Ireland,53.34155790523571,-6.252528130522927,Art Museum
790,Dublin,53.339,-6.253951,The Garden Room,53.33848,-6.252507,Restaurant
791,Dublin,53.339,-6.253951,Matt The Thresher,53.33704987242939,-6.25177301994876,Seafood Restaurant
792,Dublin,53.339,-6.253951,FXB Steak & Seafood,53.33731440155261,-6.251954471348828,Steakhouse
793,Dublin,53.339,-6.253951,Coffee Angel,53.33682371395926,-6.252067635635165,Coffee Shop
794,Dublin,53.339,-6.253951,The Gallery Café,53.341766,-6.252516,Café
795,Dublin,53.339,-6.253951,Hodges Figgis,53.34220235099416,-6.257916902841114,Bookstore
796,Dublin,53.339,-6.253951,Sheridan's Cheesemongers,53.341119073720385,-6.259230799699473,Cheese Shop
797,Dublin,53.339,-6.253951,Cafe Boulevard,53.33761537797313,-6.251643643333326,Coffee Shop
798,Dublin,53.339,-6.253951,Butlers Chocolate Café,53.34006633068253,-6.260777033219964,Coffee Shop
799,Dublin,53.339,-6.253951,Gino's Gelato,53.341109533878964,-6.260498530182202,Ice Cream Shop
800,Dublin,53.339,-6.253951,L'Ecrivain,53.33628566496766,-6.248537790241987,Restaurant
801,Dublin,53.339,-6.253951,Pablo Picante,53.33753094382112,-6.251414834377379,Mexican Restaurant
802,Dublin,53.339,-6.253951,The Pavillion,53.3427407495773,-6.252955027534936,Bar
803,Dublin,53.339,-6.253951,Sweny's Pharmacy,53.34190969491327,-6.250391770134144,Bookstore
804,Dublin,53.339,-6.253951,FlyeFit,53.33801579118873,-6.251688295382495,Gym / Fitness Center
805,Dublin,53.339,-6.253951,The Ginger Man,53.341859,-6.24958,Pub
806,Dublin,53.339,-6.253951,Probus Wines & Spirits,53.341578,-6.248789,Wine Shop
807,Dublin,53.339,-6.253951,McGrattan's Cafe Bar,53.338605541618605,-6.251264899194048,Bar
808,Dublin,53.339,-6.253951,The Alex,53.341801,-6.249048,Hotel
809,Dublin,53.339,-6.253951,Dax Restaurant,53.33475878087824,-6.254391740424128,French Restaurant
810,Dublin,53.339,-6.253951,Oscar Wilde Birth House,53.341142513483945,-6.250512516806114,Museum
811,Dublin,53.339,-6.253951,Hansel and Gretel,53.34141477580855,-6.251501361205256,Bakery
812,Dublin,53.339,-6.253951,House Number 29 (Georgian House),53.338132715174126,-6.247842236288413,Museum
813,Dublin,53.339,-6.253951,Kennedy's,53.34209727414918,-6.250642632495564,Pub
814,Dublin,53.339,-6.253951,Fitzwilliam Townhouse,53.33664141945969,-6.24910456263825,Bed & Breakfast
815,Dublin,53.339,-6.253951,Il Caffè di Napoli,53.34269204964607,-6.250146882932521,Italian Restaurant
816,Dublin,53.339,-6.253951,Olive Green Espresso Bar,53.336406293673164,-6.24826063562801,Coffee Shop
817,Dublin,53.339,-6.253951,Tesco Metro,53.33780643104379,-6.251786162216138,Grocery Store
818,Dublin,53.339,-6.253951,Voila,53.33784719633203,-6.2519996644318425,Café
819,Dublin,53.339,-6.253951,Fitzwilliam Casino & Card Club,53.337774641079655,-6.24831534479815,Casino
820,Dublin,53.339,-6.253951,Lincoln's Inn,53.34183754874652,-6.2524090800662195,Pub
821,Dublin,53.339,-6.253951,Mantraa,53.337599998024665,-6.251853704452515,Indian Restaurant
822,Dublin,53.339,-6.253951,National Memorial to the Defence Forces,53.34000624991003,-6.251264959573746,Plaza
823,Dublin,53.339,-6.253951,Subway,53.34173521842612,-6.250586476441413,Sandwich Place
824,Dublin,53.339,-6.253951,Rhubarb Cafe,53.33722843821209,-6.252121925354004,Café
825,Dublin,53.339,-6.253951,O'Callaghan Davenport Hotel,53.34174281332495,-6.249767842602677,Hotel
826,Dublin,53.339,-6.253951,Insomnia,53.34188671903036,-6.252730629974146,Coffee Shop
827,Dublin,53.339,-6.253951,O'Callaghan Mont Clare Hotel,53.34150699206692,-6.250498347926891,Hotel
828,Dublin,53.339,-6.253951,O'Callaghan Davenport Hotel Restaurant,53.341577,-6.250032,Restaurant
